entry_time,exit_time,type,entry_price,exit_price,pnl,return_pct,reason,bars_held,equity_after
2019-03-22 11:00:00,2019-03-22 16:00:00,BUY,2843.75,2831.83,-10.13,-1.013,SL,5,989.87
2019-03-25 21:00:00,2019-03-26 16:00:00,BUY,2796.05,2821.47,12.3,1.243,TP,18,1002.17
2019-03-27 23:00:00,2019-03-29 01:00:00,BUY,2802.75,2816.65,7.97,0.795,TIME,24,1010.14
2019-04-05 07:00:00,2019-04-05 23:00:00,BUY,2882.85,2892.62,12.44,1.231,TP,16,1022.58
2019-04-09 08:00:00,2019-04-09 16:00:00,BUY,2891.55,2885.67,-10.49,-1.026,SL,8,1012.09
2019-04-10 05:00:00,2019-04-10 22:00:00,BUY,2879.25,2888.37,12.45,1.23,TP,17,1024.53
2019-04-11 11:00:00,2019-04-11 18:00:00,BUY,2889.65,2882.92,-10.48,-1.023,SL,7,1014.05
2019-04-12 07:00:00,2019-04-12 11:00:00,BUY,2891.75,2900.11,12.45,1.228,TP,4,1026.51
2019-04-16 08:00:00,2019-04-16 21:00:00,BUY,2911.35,2905.68,-10.54,-1.027,SL,13,1015.96
2019-04-17 22:00:00,2019-04-18 04:00:00,BUY,2900.15,2891.35,-10.34,-1.017,SL,5,1005.63
2019-04-25 23:00:00,2019-04-26 22:00:00,BUY,2922.05,2934.27,12.42,1.235,TP,22,1018.04
2019-05-01 03:00:00,2019-05-01 17:00:00,BUY,2955.25,2946.44,-10.36,-1.017,SL,14,1007.69
2019-05-02 06:00:00,2019-05-02 18:00:00,BUY,2924.45,2913.99,-10.22,-1.015,SL,12,997.46
2019-05-06 07:00:00,2019-05-06 21:00:00,BUY,2900.65,2924.05,12.39,1.242,TP,14,1009.85
2019-05-09 03:00:00,2019-05-09 10:00:00,BUY,2876.35,2857.25,-10.18,-1.008,SL,7,999.68
2019-05-10 01:00:00,2019-05-10 17:00:00,BUY,2864.95,2844.11,-10.07,-1.007,SL,16,989.61
2019-05-16 05:00:00,2019-05-16 16:00:00,BUY,2847.05,2866.51,12.28,1.24,TP,11,1001.88
2019-05-20 21:00:00,2019-05-21 13:00:00,BUY,2836.75,2859.25,12.44,1.242,TP,15,1014.32
2019-05-24 04:00:00,2019-05-27 05:00:00,BUY,2826.65,2828.45,1.23,0.121,TIME,24,1015.55
2019-05-29 05:00:00,2019-05-29 16:00:00,BUY,2793.85,2780.47,-10.27,-1.011,SL,11,1005.28
2019-05-31 22:00:00,2019-06-03 01:00:00,BUY,2751.25,2735.13,-10.15,-1.009,SL,2,995.13
2019-06-03 21:00:00,2019-06-04 14:00:00,BUY,2738.25,2764.68,12.37,1.243,TP,16,1007.5
2019-06-07 13:00:00,2019-06-07 15:00:00,BUY,2855.55,2845.52,-10.23,-1.015,SL,2,997.27
2019-06-13 07:00:00,2019-06-13 11:00:00,BUY,2875.95,2890.13,12.34,1.237,TP,4,1009.61
2019-06-14 23:00:00,2019-06-18 01:00:00,BUY,2891.15,2891.15,-0.0,-0.0,TIME,24,1009.61
2019-06-25 21:00:00,2019-06-26 22:00:00,BUY,2922.15,2913.25,-7.36,-0.729,TIME,24,1002.25
2019-06-27 11:00:00,2019-06-27 13:00:00,BUY,2924.95,2915.73,-10.19,-1.017,SL,2,992.06
2019-07-08 02:00:00,2019-07-08 08:00:00,BUY,2986.15,2975.75,-10.07,-1.015,SL,6,982.0
2019-07-08 20:00:00,2019-07-09 06:00:00,BUY,2974.65,2965.67,-9.99,-1.017,SL,9,972.01
2019-07-17 06:00:00,2019-07-17 17:00:00,BUY,3004.65,2997.55,-9.93,-1.022,SL,11,962.08
2019-07-22 07:00:00,2019-07-22 22:00:00,BUY,2975.65,2989.18,11.89,1.236,TP,15,973.98
2019-07-26 03:00:00,2019-07-26 18:00:00,BUY,3008.75,3022.28,12.04,1.236,TP,15,986.02
2019-07-30 19:00:00,2019-07-31 20:00:00,BUY,3009.55,3014.05,5.04,0.511,TIME,24,991.05
2019-08-01 15:00:00,2019-08-01 17:00:00,BUY,2982.05,2998.68,12.28,1.239,TP,2,1003.33
2019-08-05 18:00:00,2019-08-05 21:00:00,BUY,2865.95,2843.15,-10.1,-1.007,SL,3,993.23
2019-08-12 23:00:00,2019-08-13 16:00:00,BUY,2882.45,2907.18,12.34,1.242,TP,16,1005.57
2019-08-14 23:00:00,2019-08-15 15:00:00,BUY,2835.25,2866.3,12.51,1.244,TP,15,1018.08
2019-08-16 04:00:00,2019-08-16 22:00:00,BUY,2860.85,2893.6,12.67,1.244,TP,18,1030.75
2019-08-26 08:00:00,2019-08-26 10:00:00,BUY,2832.75,2864.37,12.82,1.244,TP,2,1043.57
2019-08-27 03:00:00,2019-08-28 04:00:00,BUY,2878.95,2871.65,-3.47,-0.332,TIME,24,1040.11
2019-09-02 17:00:00,2019-09-02 18:00:00,BUY,2917.35,2903.82,-10.52,-1.011,SL,1,1029.59
2019-09-11 03:00:00,2019-09-11 18:00:00,BUY,2974.75,2989.99,12.74,1.238,TP,15,1042.34
2019-09-16 06:00:00,2019-09-17 07:00:00,BUY,2989.95,2995.95,5.26,0.505,TIME,24,1047.6
2019-09-20 22:00:00,2019-09-23 23:00:00,BUY,2989.65,2998.85,7.23,0.691,TIME,24,1054.83
2019-09-24 12:00:00,2019-09-24 17:00:00,BUY,3005.75,2996.44,-10.72,-1.016,SL,5,1044.11
2019-09-25 13:00:00,2019-09-25 21:00:00,BUY,2964.55,2980.75,12.93,1.239,TP,8,1057.04
2019-09-27 08:00:00,2019-09-27 18:00:00,BUY,2983.45,2971.07,-10.7,-1.012,SL,10,1046.34
2019-10-02 15:00:00,2019-10-02 16:00:00,BUY,2920.45,2906.68,-10.58,-1.011,SL,1,1035.76
2019-10-03 05:00:00,2019-10-03 17:00:00,BUY,2887.75,2870.14,-10.45,-1.009,SL,12,1025.31
2019-10-08 23:00:00,2019-10-09 12:00:00,BUY,2894.35,2921.43,12.75,1.243,TP,12,1038.06
2019-10-16 11:00:00,2019-10-17 12:00:00,BUY,2989.05,3001.86,12.83,1.236,TP,24,1050.89
2019-10-18 01:00:00,2019-10-18 18:00:00,BUY,2997.75,2986.36,-10.65,-1.013,SL,17,1040.24
2019-10-24 11:00:00,2019-10-24 17:00:00,BUY,3009.15,3000.67,-10.59,-1.018,SL,6,1029.65
2019-11-08 16:00:00,2019-11-08 22:00:00,BUY,3076.35,3087.12,12.69,1.233,TP,6,1042.34
2019-11-13 11:00:00,2019-11-13 17:00:00,BUY,3078.15,3088.28,12.84,1.232,TP,6,1055.18
2019-11-14 10:00:00,2019-11-15 02:00:00,BUY,3090.85,3102.49,13.02,1.234,TP,15,1068.2
2019-11-15 14:00:00,2019-11-15 18:00:00,BUY,3105.85,3115.48,13.15,1.231,TP,4,1081.35
2019-11-21 09:00:00,2019-11-22 10:00:00,BUY,3102.95,3113.35,8.49,0.785,TIME,24,1089.84
2019-11-28 09:00:00,2019-11-29 14:00:00,BUY,3145.65,3147.65,3.68,0.338,TIME,24,1093.52
2019-12-02 11:00:00,2019-12-02 13:00:00,BUY,3155.65,3149.64,-11.22,-1.026,SL,2,1082.3
2019-12-03 03:00:00,2019-12-03 12:00:00,BUY,3116.65,3104.18,-10.95,-1.012,SL,9,1071.35
2019-12-04 01:00:00,2019-12-04 16:00:00,BUY,3094.55,3112.44,13.28,1.24,TP,15,1084.63
2019-12-12 14:00:00,2019-12-12 16:00:00,BUY,3142.65,3151.37,13.33,1.229,TP,2,1097.96
2019-12-26 10:00:00,2019-12-26 17:00:00,BUY,3228.05,3233.02,13.32,1.213,TP,7,1111.28
2019-12-30 22:00:00,2019-12-31 16:00:00,BUY,3221.35,3211.21,-11.28,-1.015,SL,17,1100.0
2020-01-02 16:00:00,2020-01-02 17:00:00,BUY,3248.15,3238.75,-11.18,-1.016,SL,1,1088.82
2020-01-03 23:00:00,2020-01-06 01:00:00,BUY,3235.55,3218.21,-10.98,-1.009,SL,1,1077.84
2020-01-06 13:00:00,2020-01-06 18:00:00,BUY,3216.95,3234.75,13.36,1.24,TP,5,1091.2
2020-01-08 01:00:00,2020-01-08 02:00:00,BUY,3204.05,3186.6,-11.01,-1.009,SL,1,1080.19
2020-01-08 14:00:00,2020-01-08 22:00:00,BUY,3243.85,3266.5,13.41,1.242,TP,8,1093.61
2020-01-13 06:00:00,2020-01-13 22:00:00,BUY,3273.45,3284.57,13.49,1.233,TP,16,1107.09
2020-01-15 01:00:00,2020-01-15 17:00:00,BUY,3278.75,3294.86,13.71,1.238,TP,16,1120.8
2020-01-21 17:00:00,2020-01-22 04:00:00,BUY,3320.05,3329.88,13.8,1.231,TP,10,1134.6
2020-01-24 09:00:00,2020-01-24 17:00:00,BUY,3329.55,3321.28,-11.56,-1.018,SL,8,1123.05
2020-01-27 06:00:00,2020-01-27 12:00:00,BUY,3263.35,3245.3,-11.32,-1.008,SL,6,1111.72
2020-01-28 02:00:00,2020-01-28 17:00:00,BUY,3246.65,3269.58,13.81,1.242,TP,15,1125.53
2020-01-30 01:00:00,2020-01-30 04:00:00,BUY,3274.65,3259.74,-11.37,-1.01,SL,3,1114.16
2020-01-30 16:00:00,2020-01-30 22:00:00,BUY,3258.85,3280.21,13.83,1.241,TP,6,1127.99
2020-02-03 20:00:00,2020-02-04 10:00:00,BUY,3252.85,3278.81,14.02,1.243,TP,13,1142.01
2020-02-07 20:00:00,2020-02-10 01:00:00,BUY,3328.85,3313.37,-11.53,-1.01,SL,4,1130.48
2020-02-10 13:00:00,2020-02-10 22:00:00,BUY,3328.35,3347.85,14.02,1.24,TP,9,1144.5
2020-02-14 09:00:00,2020-02-14 16:00:00,BUY,3383.45,3371.96,-11.6,-1.013,SL,7,1132.9
2020-02-17 05:00:00,2020-02-18 01:00:00,BUY,3388.05,3376.45,-11.98,-1.057,SL,15,1120.93
2020-02-18 15:00:00,2020-02-18 18:00:00,BUY,3367.85,3357.98,-11.38,-1.015,SL,3,1109.55
2020-02-19 09:00:00,2020-02-19 19:00:00,BUY,3379.45,3391.53,13.7,1.235,TP,10,1123.24
2020-02-20 18:00:00,2020-02-21 16:00:00,BUY,3357.25,3339.9,-11.33,-1.009,SL,21,1111.91
2020-02-24 05:00:00,2020-02-24 10:00:00,BUY,3293.05,3269.71,-11.19,-1.006,SL,5,1100.72
2020-02-25 12:00:00,2020-02-25 17:00:00,BUY,3230.65,3204.35,-11.07,-1.006,SL,5,1089.65
2020-02-26 06:00:00,2020-02-26 11:00:00,BUY,3151.25,3112.9,-10.94,-1.004,SL,5,1078.71
2020-02-26 23:00:00,2020-02-27 16:00:00,BUY,3101.15,3053.69,-10.82,-1.003,SL,16,1067.89
2020-02-28 05:00:00,2020-02-28 11:00:00,BUY,2948.85,2890.59,-10.71,-1.003,SL,6,1057.19
2020-02-28 23:00:00,2020-03-02 01:00:00,BUY,2989.65,2900.5,-10.59,-1.002,SL,1,1046.6
2020-03-02 13:00:00,2020-03-02 18:00:00,BUY,2910.45,3005.27,13.06,1.248,TP,5,1059.66
2020-03-06 02:00:00,2020-03-06 04:00:00,BUY,3025.45,2982.96,-10.63,-1.004,SL,2,1049.02
2020-03-06 17:00:00,2020-03-06 21:00:00,BUY,2969.85,2918.44,-10.52,-1.003,SL,4,1038.5
2020-03-09 19:00:00,2020-03-10 01:00:00,BUY,2794.65,2717.13,-10.41,-1.002,SL,5,1028.1
2020-03-12 03:00:00,2020-03-12 04:00:00,BUY,2732.55,2661.51,-10.3,-1.002,SL,1,1017.79
2020-03-12 16:00:00,2020-03-12 18:00:00,BUY,2585.65,2508.66,-10.2,-1.002,SL,2,1007.6
2020-03-13 19:00:00,2020-03-13 22:00:00,BUY,2549.55,2693.61,12.58,1.249,TP,3,1020.18
2020-03-20 16:00:00,2020-03-20 22:00:00,BUY,2398.25,2309.06,-10.22,-1.002,SL,6,1009.96
2020-03-23 17:00:00,2020-03-24 16:00:00,BUY,2243.95,2377.49,12.61,1.249,TP,21,1022.57
2020-03-30 01:00:00,2020-03-30 08:00:00,BUY,2483.35,2572.67,12.76,1.248,TP,7,1035.33
2020-04-01 12:00:00,2020-04-01 21:00:00,BUY,2509.15,2464.41,-10.39,-1.003,SL,9,1024.94
2020-04-08 11:00:00,2020-04-08 18:00:00,BUY,2649.05,2716.0,12.78,1.247,TP,7,1037.73
2020-04-14 01:00:00,2020-04-14 16:00:00,BUY,2776.95,2828.39,12.93,1.246,TP,15,1050.66
2020-04-15 12:00:00,2020-04-15 15:00:00,BUY,2802.15,2772.88,-10.56,-1.005,SL,3,1040.1
2020-04-16 04:00:00,2020-04-16 09:00:00,BUY,2764.95,2807.21,12.96,1.246,TP,5,1053.05
2020-04-16 21:00:00,2020-04-17 01:00:00,BUY,2790.35,2872.75,21.98,2.087,TP,3,1075.03
2020-04-17 13:00:00,2020-04-17 17:00:00,BUY,2882.65,2845.57,-10.79,-1.004,SL,4,1064.24
2020-04-20 06:00:00,2020-04-20 12:00:00,BUY,2880.75,2844.28,-10.69,-1.004,SL,6,1053.55
2020-04-21 01:00:00,2020-04-21 05:00:00,BUY,2832.65,2797.54,-10.58,-1.004,SL,4,1042.97
2020-04-21 17:00:00,2020-04-22 18:00:00,BUY,2748.15,2792.95,11.38,1.091,TIME,24,1054.35
2020-04-23 12:00:00,2020-04-23 17:00:00,BUY,2805.75,2842.49,13.13,1.245,TP,5,1067.47
2020-04-24 06:00:00,2020-04-24 15:00:00,BUY,2774.85,2815.15,13.29,1.245,TP,9,1080.77
2020-04-27 04:00:00,2020-04-27 21:00:00,BUY,2842.45,2880.38,13.46,1.245,TP,17,1094.22
2020-04-29 13:00:00,2020-04-29 16:00:00,BUY,2900.45,2931.9,13.61,1.244,TP,3,1107.83
2020-05-01 01:00:00,2020-05-01 10:00:00,BUY,2875.85,2841.1,-11.13,-1.004,SL,9,1096.71
2020-05-01 22:00:00,2020-05-04 01:00:00,BUY,2833.05,2795.35,-13.95,-1.272,SL,2,1082.76
2020-05-04 13:00:00,2020-05-04 22:00:00,BUY,2805.55,2842.19,13.48,1.245,TP,9,1096.24
2020-05-06 22:00:00,2020-05-07 12:00:00,BUY,2848.55,2885.03,13.65,1.245,TP,13,1109.89
2020-05-12 04:00:00,2020-05-12 14:00:00,BUY,2910.25,2938.22,13.8,1.243,TP,10,1123.69
2020-05-13 03:00:00,2020-05-13 18:00:00,BUY,2846.15,2815.07,-11.29,-1.005,SL,15,1112.4
2020-05-15 05:00:00,2020-05-15 15:00:00,BUY,2849.85,2816.35,-11.17,-1.004,SL,10,1101.22
2020-05-20 10:00:00,2020-05-20 16:00:00,BUY,2935.95,2963.68,13.69,1.243,TP,6,1114.91
2020-05-21 12:00:00,2020-05-21 16:00:00,BUY,2950.55,2973.8,13.85,1.242,TP,4,1128.76
2020-05-22 05:00:00,2020-05-22 23:00:00,BUY,2929.85,2958.1,14.03,1.243,TP,18,1142.8
2020-05-28 01:00:00,2020-05-29 02:00:00,BUY,3041.65,3027.75,-5.95,-0.52,TIME,24,1136.85
2020-06-04 22:00:00,2020-06-05 10:00:00,BUY,3112.25,3140.42,14.14,1.243,TP,11,1150.98
2020-06-09 23:00:00,2020-06-10 17:00:00,BUY,3207.25,3184.04,-11.58,-1.007,SL,17,1139.4
2020-06-11 06:00:00,2020-06-11 10:00:00,BUY,3156.15,3128.74,-11.46,-1.006,SL,4,1127.94
2020-06-12 10:00:00,2020-06-12 18:00:00,BUY,3043.45,3004.36,-11.32,-1.004,SL,8,1116.62
2020-06-15 17:00:00,2020-06-15 21:00:00,BUY,3006.35,3065.43,13.92,1.247,TP,4,1130.54
2020-06-17 22:00:00,2020-06-18 04:00:00,BUY,3113.05,3077.6,-11.35,-1.004,SL,5,1119.19
2020-06-18 16:00:00,2020-06-19 15:00:00,BUY,3104.55,3147.8,13.94,1.246,TP,22,1133.13
2020-06-22 04:00:00,2020-06-22 21:00:00,BUY,3077.15,3119.55,14.11,1.246,TP,17,1147.24
2020-06-24 10:00:00,2020-06-24 12:00:00,BUY,3117.15,3092.23,-11.54,-1.006,SL,2,1135.7
2020-06-25 23:00:00,2020-06-26 17:00:00,BUY,3085.35,3048.72,-11.4,-1.004,SL,17,1124.3
2020-06-29 07:00:00,2020-06-29 20:00:00,BUY,3010.55,3048.28,14.0,1.245,TP,13,1138.3
2020-07-07 22:00:00,2020-07-08 23:00:00,BUY,3146.65,3173.58,14.15,1.243,TP,24,1152.45
2020-07-09 12:00:00,2020-07-09 17:00:00,BUY,3171.05,3152.87,-11.62,-1.008,SL,5,1140.83
2020-07-10 07:00:00,2020-07-10 18:00:00,BUY,3138.35,3166.94,14.19,1.243,TP,11,1155.01
2020-07-14 04:00:00,2020-07-14 16:00:00,BUY,3164.25,3137.5,-11.62,-1.006,SL,12,1143.4
2020-07-17 04:00:00,2020-07-20 05:00:00,BUY,3212.55,3209.25,-1.87,-0.163,TIME,24,1141.53
2020-07-22 20:00:00,2020-07-23 09:00:00,BUY,3255.95,3280.69,14.18,1.242,TP,12,1155.71
2020-07-24 01:00:00,2020-07-24 08:00:00,BUY,3244.15,3220.2,-11.63,-1.006,SL,7,1144.08
2020-07-27 04:00:00,2020-07-28 05:00:00,BUY,3224.55,3249.05,11.35,0.992,TIME,24,1155.43
2020-07-29 11:00:00,2020-07-29 19:00:00,BUY,3226.75,3246.46,14.33,1.241,TP,8,1169.76
2020-08-03 12:00:00,2020-08-03 18:00:00,BUY,3274.45,3300.12,14.54,1.243,TP,6,1184.3
2020-08-07 01:00:00,2020-08-07 06:00:00,BUY,3348.55,3332.85,-11.96,-1.01,SL,5,1172.34
2020-08-10 02:00:00,2020-08-11 03:00:00,BUY,3349.15,3360.65,6.84,0.584,TIME,24,1179.19
2020-08-12 09:00:00,2020-08-12 17:00:00,BUY,3351.35,3376.64,14.65,1.243,TP,8,1193.84
2020-08-13 23:00:00,2020-08-14 11:00:00,BUY,3375.25,3358.19,-12.04,-1.009,SL,11,1181.79
2020-08-17 10:00:00,2020-08-18 11:00:00,BUY,3379.15,3384.55,5.14,0.435,TIME,24,1186.94
2020-08-24 07:00:00,2020-08-24 11:00:00,BUY,3405.65,3421.01,14.69,1.238,TP,4,1201.63
2020-09-04 04:00:00,2020-09-04 17:00:00,BUY,3453.05,3415.79,-12.06,-1.004,SL,13,1189.57
2020-09-08 07:00:00,2020-09-08 11:00:00,BUY,3432.25,3407.52,-11.97,-1.006,SL,4,1177.6
2020-09-09 10:00:00,2020-09-09 18:00:00,BUY,3355.55,3401.11,14.67,1.246,TP,8,1192.27
2020-09-11 11:00:00,2020-09-11 16:00:00,BUY,3367.85,3339.78,-11.99,-1.005,SL,5,1180.28
2020-09-21 21:00:00,2020-09-22 02:00:00,BUY,3245.85,3292.7,14.71,1.246,TP,4,1194.99
2020-09-30 15:00:00,2020-09-30 17:00:00,BUY,3339.35,3374.16,14.87,1.245,TP,2,1209.86
2020-10-01 08:00:00,2020-10-02 07:00:00,BUY,3380.55,3353.73,-12.17,-1.006,SL,22,1197.7
2020-10-06 03:00:00,2020-10-06 21:00:00,BUY,3401.15,3380.32,-12.06,-1.007,SL,18,1185.63
2020-10-07 10:00:00,2020-10-07 20:00:00,BUY,3384.85,3415.72,14.75,1.244,TP,10,1200.38
2020-10-14 06:00:00,2020-10-14 13:00:00,BUY,3525.85,3506.81,-12.1,-1.008,SL,7,1188.28
2020-10-15 02:00:00,2020-10-15 10:00:00,BUY,3492.45,3468.33,-11.96,-1.006,SL,8,1176.32
2020-10-16 15:00:00,2020-10-16 23:00:00,BUY,3498.85,3479.5,-11.86,-1.008,SL,8,1164.47
2020-10-21 06:00:00,2020-10-21 11:00:00,BUY,3463.45,3439.42,-11.72,-1.006,SL,5,1152.75
2020-10-22 04:00:00,2020-10-22 21:00:00,BUY,3420.65,3457.27,14.35,1.245,TP,17,1167.1
2020-10-26 02:00:00,2020-10-26 10:00:00,BUY,3447.15,3424.77,-11.75,-1.007,SL,8,1155.35
2020-10-27 14:00:00,2020-10-27 16:00:00,BUY,3418.55,3400.17,-11.65,-1.008,SL,2,1143.7
2020-11-02 07:00:00,2020-11-03 08:00:00,BUY,3283.95,3324.25,11.98,1.048,TIME,24,1155.69
2020-11-10 14:00:00,2020-11-11 15:00:00,BUY,3538.55,3570.25,8.5,0.735,TIME,24,1164.18
2020-11-12 10:00:00,2020-11-12 20:00:00,BUY,3551.55,3527.46,-11.71,-1.006,SL,10,1152.47
2020-11-13 09:00:00,2020-11-13 21:00:00,BUY,3548.45,3578.76,14.33,1.244,TP,12,1166.8
2020-11-17 22:00:00,2020-11-18 08:00:00,BUY,3611.65,3590.12,-11.75,-1.007,SL,9,1155.05
2020-11-18 22:00:00,2020-11-19 23:00:00,BUY,3566.25,3564.35,-0.9,-0.078,TIME,24,1154.16
2020-11-20 12:00:00,2020-11-20 22:00:00,BUY,3579.45,3559.04,-11.63,-1.007,SL,10,1142.53
2020-11-23 11:00:00,2020-11-23 15:00:00,BUY,3581.15,3564.91,-11.53,-1.009,SL,4,1131.0
2020-11-24 04:00:00,2020-11-24 18:00:00,BUY,3601.75,3628.02,14.06,1.243,TP,14,1145.05
2020-11-27 05:00:00,2020-11-27 11:00:00,BUY,3623.25,3638.55,14.17,1.238,TP,6,1159.23
2020-11-30 03:00:00,2020-11-30 07:00:00,BUY,3631.15,3616.64,-11.71,-1.01,SL,4,1147.52
2020-11-30 19:00:00,2020-12-01 02:00:00,BUY,3615.65,3642.96,14.27,1.243,TP,6,1161.78
2020-12-01 14:00:00,2020-12-02 03:00:00,BUY,3662.75,3646.85,-11.73,-1.01,SL,12,1150.05
2020-12-08 01:00:00,2020-12-08 13:00:00,BUY,3683.55,3668.2,-11.61,-1.01,SL,12,1138.44
2020-12-09 10:00:00,2020-12-09 17:00:00,BUY,3714.05,3701.97,-11.53,-1.013,SL,7,1126.91
2020-12-11 10:00:00,2020-12-11 13:00:00,BUY,3647.25,3628.6,-11.36,-1.008,SL,3,1115.55
2020-12-14 23:00:00,2020-12-15 16:00:00,BUY,3651.65,3676.39,13.86,1.242,TP,16,1129.41
2020-12-21 04:00:00,2020-12-21 11:00:00,BUY,3711.25,3688.78,-11.37,-1.007,SL,7,1118.04
2020-12-22 06:00:00,2020-12-23 07:00:00,BUY,3683.15,3680.45,-1.01,-0.09,TIME,24,1117.03
2020-12-28 06:00:00,2020-12-29 02:00:00,BUY,3725.95,3743.26,13.84,1.239,TP,19,1130.88
2020-12-30 06:00:00,2020-12-31 07:00:00,BUY,3741.15,3733.95,-6.15,-0.544,TIME,24,1124.73
2021-01-06 10:00:00,2021-01-06 17:00:00,BUY,3699.25,3737.98,14.0,1.245,TP,7,1138.73
2021-01-12 09:00:00,2021-01-12 19:00:00,BUY,3807.95,3788.37,-11.48,-1.008,SL,10,1127.25
2021-01-13 09:00:00,2021-01-13 13:00:00,BUY,3808.65,3793.15,-11.38,-1.01,SL,4,1115.87
2021-01-14 07:00:00,2021-01-14 22:00:00,BUY,3818.85,3803.63,-11.27,-1.01,SL,15,1104.6
2021-01-15 14:00:00,2021-01-15 17:00:00,BUY,3780.55,3763.99,-11.15,-1.009,SL,3,1093.46
2021-01-18 06:00:00,2021-01-19 02:00:00,BUY,3761.35,3787.92,13.59,1.243,TP,15,1107.05
2021-01-25 09:00:00,2021-01-25 13:00:00,BUY,3860.25,3846.88,-11.2,-1.011,SL,4,1095.85
2021-01-26 09:00:00,2021-01-26 13:00:00,BUY,3835.75,3859.35,13.61,1.242,TP,4,1109.46
2021-01-28 06:00:00,2021-01-28 16:00:00,BUY,3737.95,3791.15,13.83,1.246,TP,10,1123.29
2021-01-29 14:00:00,2021-01-29 19:00:00,BUY,3755.25,3716.79,-11.28,-1.004,SL,5,1112.01
2021-02-01 08:00:00,2021-02-01 21:00:00,BUY,3728.95,3778.47,13.86,1.246,TP,13,1125.87
2021-02-11 04:00:00,2021-02-11 19:00:00,BUY,3910.35,3892.73,-11.36,-1.009,SL,15,1114.52
2021-02-12 08:00:00,2021-02-12 22:00:00,BUY,3910.05,3928.03,13.82,1.24,TP,14,1128.33
2021-02-17 04:00:00,2021-02-17 15:00:00,BUY,3930.95,3915.82,-11.4,-1.01,SL,11,1116.94
2021-02-18 17:00:00,2021-02-19 11:00:00,BUY,3897.15,3922.67,13.88,1.243,TP,17,1130.82
2021-02-19 23:00:00,2021-02-22 09:00:00,BUY,3902.75,3882.26,-11.39,-1.007,SL,9,1119.43
2021-02-22 21:00:00,2021-02-23 02:00:00,BUY,3896.15,3873.44,-11.27,-1.007,SL,4,1108.16
2021-02-26 13:00:00,2021-03-01 14:00:00,BUY,3819.15,3851.55,9.29,0.838,TIME,24,1117.45
2021-03-04 14:00:00,2021-03-04 19:00:00,BUY,3813.45,3785.19,-11.23,-1.005,SL,5,1106.21
2021-03-15 08:00:00,2021-03-15 18:00:00,BUY,3941.05,3922.9,-11.15,-1.008,SL,10,1095.06
2021-03-19 04:00:00,2021-03-19 16:00:00,BUY,3929.0,3903.69,-11.02,-1.006,SL,12,1084.04
2021-03-22 05:00:00,2021-03-22 17:00:00,BUY,3908.9,3938.92,13.48,1.244,TP,12,1097.53
2021-03-24 06:00:00,2021-03-24 17:00:00,BUY,3913.1,3936.51,13.63,1.242,TP,11,1111.16
2021-03-25 08:00:00,2021-03-25 14:00:00,BUY,3896.8,3877.03,-11.2,-1.008,SL,6,1099.96
2021-03-31 09:00:00,2021-03-31 16:00:00,BUY,3956.7,3976.44,13.65,1.241,TP,7,1113.61
2021-04-21 14:00:00,2021-04-21 17:00:00,BUY,4133.5,4152.21,13.81,1.24,TP,3,1127.42
2021-04-23 03:00:00,2021-04-23 17:00:00,BUY,4141.2,4166.42,14.01,1.243,TP,14,1141.43
2021-04-30 13:00:00,2021-05-03 10:00:00,BUY,4186.0,4203.04,14.14,1.239,TP,20,1155.57
2021-05-04 03:00:00,2021-05-04 14:00:00,BUY,4186.4,4172.74,-11.68,-1.011,SL,11,1143.89
2021-05-05 04:00:00,2021-05-06 05:00:00,BUY,4178.7,4162.4,-9.37,-0.819,TIME,24,1134.52
2021-05-12 06:00:00,2021-05-12 18:00:00,BUY,4124.3,4091.93,-11.4,-1.005,SL,12,1123.12
2021-05-13 07:00:00,2021-05-13 10:00:00,BUY,4077.9,4049.86,-11.29,-1.005,SL,3,1111.83
2021-05-17 06:00:00,2021-05-18 07:00:00,BUY,4163.0,4172.9,5.27,0.474,TIME,24,1117.1
2021-05-19 18:00:00,2021-05-20 16:00:00,BUY,4090.55,4123.13,13.9,1.244,TP,21,1131.0
2021-05-27 03:00:00,2021-05-27 09:00:00,BUY,4193.9,4181.77,-11.45,-1.013,SL,6,1119.55
2021-05-31 19:00:00,2021-06-01 03:00:00,BUY,4195.85,4205.91,13.79,1.232,TP,3,1133.34
2021-06-02 11:00:00,2021-06-02 17:00:00,BUY,4196.8,4212.13,14.03,1.238,TP,6,1147.37
2021-06-03 07:00:00,2021-06-03 11:00:00,BUY,4210.3,4199.5,-11.64,-1.014,SL,4,1135.73
2021-06-04 10:00:00,2021-06-04 16:00:00,BUY,4193.9,4212.2,14.08,1.24,TP,6,1149.81
2021-06-09 07:00:00,2021-06-10 08:00:00,BUY,4227.1,4222.6,-4.65,-0.404,TIME,24,1145.16
2021-06-16 10:00:00,2021-06-16 19:00:00,BUY,4245.6,4236.72,-11.65,-1.017,SL,9,1133.51
2021-06-17 10:00:00,2021-06-17 16:00:00,BUY,4205.5,4224.5,14.06,1.24,TP,6,1147.57
2021-06-18 14:00:00,2021-06-18 15:00:00,BUY,4211.5,4197.69,-11.6,-1.011,SL,1,1135.97
2021-06-22 07:00:00,2021-06-22 10:00:00,BUY,4233.5,4218.3,-11.47,-1.01,SL,3,1124.5
2021-07-08 04:00:00,2021-07-08 09:00:00,BUY,4351.3,4338.0,-11.37,-1.011,SL,5,1113.12
2021-07-08 22:00:00,2021-07-09 17:00:00,BUY,4324.35,4355.74,13.85,1.244,TP,18,1126.97
2021-07-14 07:00:00,2021-07-14 15:00:00,BUY,4361.2,4377.55,13.96,1.239,TP,8,1140.93
2021-07-15 08:00:00,2021-07-15 13:00:00,BUY,4372.5,4359.07,-11.54,-1.011,SL,5,1129.39
2021-07-16 14:00:00,2021-07-16 17:00:00,BUY,4366.8,4352.36,-11.41,-1.01,SL,3,1117.98
2021-07-19 17:00:00,2021-07-20 10:00:00,BUY,4253.35,4283.28,13.91,1.244,TP,16,1131.89
2021-07-29 01:00:00,2021-07-29 17:00:00,BUY,4401.4,4426.14,14.06,1.242,TP,16,1145.95
2021-07-30 06:00:00,2021-07-30 16:00:00,BUY,4386.1,4406.29,14.22,1.241,TP,10,1160.17
2021-08-02 05:00:00,2021-08-02 18:00:00,BUY,4420.5,4402.97,-11.7,-1.009,SL,13,1148.47
2021-08-04 23:00:00,2021-08-05 17:00:00,BUY,4404.5,4421.02,14.23,1.239,TP,17,1162.69
2021-08-06 06:00:00,2021-08-06 16:00:00,BUY,4427.6,4438.76,14.34,1.233,TP,10,1177.03
2021-08-11 02:00:00,2021-08-11 16:00:00,BUY,4434.7,4446.96,14.54,1.235,TP,14,1191.57
2021-08-19 09:00:00,2021-08-19 16:00:00,BUY,4368.6,4392.6,14.8,1.242,TP,7,1206.37
2021-08-20 19:00:00,2021-08-23 17:00:00,BUY,4439.75,4470.77,15.01,1.244,TP,21,1221.38
2021-08-26 04:00:00,2021-08-26 17:00:00,BUY,4491.2,4482.9,-12.44,-1.018,SL,13,1208.94
2021-08-27 11:00:00,2021-08-27 17:00:00,BUY,4483.6,4497.09,14.95,1.236,TP,6,1223.88
2021-09-02 02:00:00,2021-09-02 16:00:00,BUY,4525.1,4537.37,15.11,1.235,TP,14,1239.0
2021-09-03 05:00:00,2021-09-03 15:00:00,BUY,4546.2,4535.17,-12.56,-1.014,SL,10,1226.44
2021-09-06 06:00:00,2021-09-06 16:00:00,BUY,4535.0,4548.33,15.16,1.236,TP,10,1241.6
2021-09-08 01:00:00,2021-09-08 10:00:00,BUY,4519.4,4508.08,-12.58,-1.013,SL,9,1229.01
2021-09-09 01:00:00,2021-09-09 08:00:00,BUY,4510.0,4493.73,-12.4,-1.009,SL,7,1216.61
2021-09-10 11:00:00,2021-09-10 16:00:00,BUY,4514.4,4499.82,-12.29,-1.01,SL,5,1204.32
2021-09-13 05:00:00,2021-09-13 16:00:00,BUY,4467.9,4490.52,14.95,1.242,TP,11,1219.27
2021-09-14 05:00:00,2021-09-14 17:00:00,BUY,4475.6,4456.84,-12.29,-1.008,SL,12,1206.98
2021-09-16 23:00:00,2021-09-17 16:00:00,BUY,4469.8,4450.03,-12.16,-1.008,SL,16,1194.82
2021-09-20 05:00:00,2021-09-20 12:00:00,BUY,4395.2,4373.43,-12.03,-1.007,SL,7,1182.79
2021-09-23 05:00:00,2021-09-23 16:00:00,BUY,4405.8,4435.11,14.71,1.244,TP,11,1197.5
2021-09-27 07:00:00,2021-09-27 13:00:00,BUY,4473.0,4455.67,-12.08,-1.009,SL,6,1185.42
2021-09-28 05:00:00,2021-09-28 09:00:00,BUY,4445.6,4427.07,-11.95,-1.008,SL,4,1173.47
2021-09-28 21:00:00,2021-09-29 22:00:00,BUY,4375.15,4360.25,-5.27,-0.449,TIME,24,1168.19
2021-09-30 23:00:00,2021-10-01 09:00:00,BUY,4308.7,4274.29,-11.73,-1.004,SL,9,1156.46
2021-10-01 21:00:00,2021-10-04 10:00:00,BUY,4363.45,4325.34,-11.61,-1.004,SL,12,1144.85
2021-10-05 01:00:00,2021-10-05 17:00:00,BUY,4309.3,4351.12,14.26,1.246,TP,16,1159.11
2021-10-06 06:00:00,2021-10-06 10:00:00,BUY,4327.1,4299.79,-11.66,-1.006,SL,4,1147.46
2021-10-11 04:00:00,2021-10-11 17:00:00,BUY,4382.0,4413.22,14.27,1.244,TP,13,1161.73
2021-10-12 06:00:00,2021-10-12 14:00:00,BUY,4337.8,4368.31,14.45,1.244,TP,8,1176.18
2021-10-13 04:00:00,2021-10-13 21:00:00,BUY,4341.8,4372.32,14.63,1.244,TP,17,1190.81
2021-10-15 07:00:00,2021-10-15 21:00:00,BUY,4455.4,4474.89,14.77,1.24,TP,14,1205.58
2021-10-27 23:00:00,2021-10-28 16:00:00,BUY,4556.7,4579.19,14.97,1.242,TP,16,1220.55
2021-10-29 06:00:00,2021-10-29 19:00:00,BUY,4582.0,4601.19,15.14,1.24,TP,13,1235.69
2021-11-01 08:00:00,2021-11-01 17:00:00,BUY,4612.4,4597.07,-12.48,-1.01,SL,9,1223.21
2021-11-04 06:00:00,2021-11-04 16:00:00,BUY,4659.5,4673.83,15.13,1.237,TP,10,1238.34
2021-11-10 16:00:00,2021-11-10 20:00:00,BUY,4681.55,4663.68,-12.49,-1.008,SL,4,1225.86
2021-11-11 09:00:00,2021-11-12 10:00:00,BUY,4654.5,4654.6,0.07,0.006,TIME,24,1225.93
2021-11-12 22:00:00,2021-11-15 23:00:00,BUY,4682.65,4686.3,2.81,0.229,TIME,24,1228.74
2021-11-17 23:00:00,2021-11-18 17:00:00,BUY,4689.7,4675.18,-12.42,-1.01,SL,17,1216.32
2021-11-19 17:00:00,2021-11-22 16:00:00,BUY,4702.45,4725.45,15.11,1.242,TP,22,1231.43
2021-11-23 05:00:00,2021-11-23 10:00:00,BUY,4682.0,4660.0,-12.4,-1.007,SL,5,1219.03
2021-11-23 22:00:00,2021-11-24 16:00:00,BUY,4691.45,4660.07,-12.25,-1.005,SL,17,1206.78
2021-11-26 02:00:00,2021-11-26 04:00:00,BUY,4682.8,4667.92,-12.19,-1.01,SL,2,1194.59
2021-11-26 16:00:00,2021-11-26 18:00:00,BUY,4622.05,4593.75,-12.01,-1.005,SL,2,1182.58
2021-11-29 10:00:00,2021-11-29 19:00:00,BUY,4630.4,4670.08,14.73,1.245,TP,9,1197.31
2021-11-30 13:00:00,2021-11-30 17:00:00,BUY,4607.0,4645.96,14.91,1.245,TP,4,1212.22
2021-12-01 06:00:00,2021-12-01 22:00:00,BUY,4609.2,4571.76,-12.17,-1.004,SL,16,1200.04
2021-12-02 16:00:00,2021-12-02 17:00:00,BUY,4563.95,4525.12,-12.05,-1.004,SL,1,1188.0
2021-12-03 06:00:00,2021-12-03 17:00:00,BUY,4576.3,4537.74,-11.93,-1.004,SL,11,1176.07
2021-12-06 11:00:00,2021-12-06 19:00:00,BUY,4549.6,4592.38,14.65,1.246,TP,8,1190.72
2021-12-07 08:00:00,2021-12-07 12:00:00,BUY,4620.5,4654.42,14.82,1.244,TP,4,1205.54
2021-12-09 22:00:00,2021-12-10 15:00:00,BUY,4668.25,4695.73,14.99,1.243,TP,16,1220.53
2021-12-13 04:00:00,2021-12-13 16:00:00,BUY,4728.1,4707.83,-12.3,-1.007,SL,12,1208.23
2021-12-14 14:00:00,2021-12-14 15:00:00,BUY,4660.5,4641.67,-12.18,-1.008,SL,1,1196.05
2021-12-15 11:00:00,2021-12-15 18:00:00,BUY,4634.9,4613.8,-12.05,-1.007,SL,7,1184.0
2021-12-16 19:00:00,2021-12-16 21:00:00,BUY,4680.35,4651.05,-11.9,-1.005,SL,2,1172.1
2021-12-17 10:00:00,2021-12-17 14:00:00,BUY,4663.8,4635.94,-11.78,-1.005,SL,4,1160.32
2021-12-20 03:00:00,2021-12-20 10:00:00,BUY,4585.8,4541.05,-11.64,-1.003,SL,7,1148.68
2021-12-21 07:00:00,2021-12-21 20:00:00,BUY,4605.3,4642.99,14.3,1.245,TP,13,1162.98
2021-12-22 09:00:00,2021-12-22 17:00:00,BUY,4642.8,4669.71,14.46,1.243,TP,8,1177.44
2021-12-23 06:00:00,2021-12-23 16:00:00,BUY,4698.8,4720.38,14.62,1.241,TP,10,1192.05
2021-12-30 02:00:00,2021-12-30 16:00:00,BUY,4789.1,4807.04,14.78,1.24,TP,14,1206.83
2021-12-31 05:00:00,2022-01-03 02:00:00,BUY,4769.4,4790.41,14.98,1.241,TP,17,1221.81
2022-01-05 08:00:00,2022-01-05 21:00:00,BUY,4783.7,4767.13,-12.33,-1.009,SL,13,1209.48
2022-01-06 10:00:00,2022-01-06 17:00:00,BUY,4700.9,4673.41,-12.16,-1.005,SL,7,1197.32
2022-01-07 22:00:00,2022-01-10 14:00:00,BUY,4678.15,4644.85,-12.03,-1.005,SL,15,1185.29
2022-01-11 12:00:00,2022-01-11 16:00:00,BUY,4691.0,4662.24,-11.92,-1.005,SL,4,1173.37
2022-01-12 05:00:00,2022-01-13 06:00:00,BUY,4717.7,4717.0,-0.32,-0.028,TIME,24,1173.05
2022-01-13 20:00:00,2022-01-13 22:00:00,BUY,4702.75,4673.93,-11.79,-1.005,SL,2,1161.26
2022-01-14 22:00:00,2022-01-18 04:00:00,BUY,4663.15,4666.4,0.95,0.082,TIME,24,1162.21
2022-01-18 20:00:00,2022-01-19 06:00:00,BUY,4586.95,4555.7,-11.68,-1.005,SL,9,1150.53
2022-01-24 08:00:00,2022-01-24 12:00:00,BUY,4426.2,4388.91,-11.55,-1.004,SL,4,1138.98
2022-01-25 09:00:00,2022-01-25 16:00:00,BUY,4363.0,4300.53,-11.42,-1.002,SL,7,1127.57
2022-01-26 09:00:00,2022-01-26 17:00:00,BUY,4366.8,4440.72,14.07,1.247,TP,8,1141.63
2022-01-27 07:00:00,2022-01-27 15:00:00,BUY,4293.9,4372.21,14.24,1.248,TP,8,1155.87
2022-01-28 04:00:00,2022-01-28 14:00:00,BUY,4362.7,4298.24,-11.59,-1.002,SL,10,1144.29
2022-01-31 03:00:00,2022-01-31 22:00:00,BUY,4424.5,4501.2,14.28,1.248,TP,19,1158.56
2022-02-03 03:00:00,2022-02-03 19:00:00,BUY,4538.6,4506.46,-11.64,-1.005,SL,16,1146.92
2022-02-04 08:00:00,2022-02-04 12:00:00,BUY,4534.1,4504.17,-11.53,-1.005,SL,4,1135.4
2022-02-07 01:00:00,2022-02-08 02:00:00,BUY,4506.9,4492.7,-3.48,-0.307,TIME,24,1131.91
2022-02-08 14:00:00,2022-02-08 18:00:00,BUY,4477.8,4511.62,14.09,1.244,TP,4,1146.0
2022-02-10 06:00:00,2022-02-10 15:00:00,BUY,4576.5,4557.24,-11.55,-1.008,SL,9,1134.45
2022-02-14 06:00:00,2022-02-14 10:00:00,BUY,4428.1,4386.93,-11.39,-1.004,SL,4,1123.06
2022-02-14 22:00:00,2022-02-15 14:00:00,BUY,4401.95,4470.61,14.01,1.247,TP,15,1137.07
2022-02-16 03:00:00,2022-02-17 04:00:00,BUY,4458.4,4472.0,4.65,0.409,TIME,24,1141.72
2022-02-17 16:00:00,2022-02-17 22:00:00,BUY,4417.05,4383.13,-11.47,-1.004,SL,6,1130.25
2022-02-18 11:00:00,2022-02-18 15:00:00,BUY,4404.3,4377.58,-11.37,-1.006,SL,4,1118.89
2022-02-21 10:00:00,2022-02-21 13:00:00,BUY,4370.7,4332.28,-11.23,-1.004,SL,3,1107.65
2022-02-22 06:00:00,2022-02-22 12:00:00,BUY,4281.8,4329.89,13.8,1.246,TP,6,1121.46
2022-02-23 02:00:00,2022-02-23 18:00:00,BUY,4329.6,4277.96,-11.25,-1.003,SL,16,1110.21
2022-02-24 07:00:00,2022-02-24 18:00:00,BUY,4138.3,4201.3,13.84,1.247,TP,11,1124.05
2022-02-25 07:00:00,2022-02-25 17:00:00,BUY,4261.9,4328.83,14.02,1.247,TP,10,1138.07
2022-02-28 06:00:00,2022-02-28 17:00:00,BUY,4279.9,4355.52,14.2,1.248,TP,11,1152.27
2022-03-01 06:00:00,2022-03-01 13:00:00,BUY,4374.2,4327.76,-11.56,-1.003,SL,7,1140.71
2022-03-02 02:00:00,2022-03-02 18:00:00,BUY,4323.2,4388.04,14.23,1.247,TP,16,1154.94
2022-03-03 07:00:00,2022-03-03 17:00:00,BUY,4389.6,4355.82,-11.6,-1.004,SL,10,1143.34
2022-03-04 06:00:00,2022-03-07 01:00:00,BUY,4328.5,4276.99,-11.47,-1.003,SL,18,1131.87
2022-03-07 13:00:00,2022-03-07 19:00:00,BUY,4277.5,4229.98,-11.35,-1.003,SL,6,1120.52
2022-03-08 08:00:00,2022-03-08 10:00:00,BUY,4159.5,4215.95,13.97,1.247,TP,2,1134.48
2022-03-09 01:00:00,2022-03-09 16:00:00,BUY,4171.5,4260.0,14.16,1.248,TP,15,1148.64
2022-03-10 05:00:00,2022-03-10 13:00:00,BUY,4276.3,4235.97,-11.53,-1.004,SL,8,1137.11
2022-03-11 02:00:00,2022-03-11 13:00:00,BUY,4255.1,4304.03,14.17,1.246,TP,11,1151.28
2022-03-14 03:00:00,2022-03-14 19:00:00,BUY,4230.0,4188.83,-11.55,-1.004,SL,16,1139.73
2022-03-15 08:00:00,2022-03-15 11:00:00,BUY,4176.3,4142.67,-11.45,-1.004,SL,3,1128.28
2022-03-16 03:00:00,2022-03-16 11:00:00,BUY,4252.1,4301.29,14.06,1.246,TP,8,1142.34
2022-03-17 06:00:00,2022-03-17 20:00:00,BUY,4350.4,4400.42,14.24,1.246,TP,14,1156.58
2022-03-24 11:00:00,2022-03-24 22:00:00,BUY,4482.7,4508.73,14.37,1.243,TP,11,1170.95
2022-03-31 06:00:00,2022-03-31 16:00:00,BUY,4611.5,4591.9,-11.8,-1.008,SL,10,1159.15
2022-04-01 05:00:00,2022-04-01 17:00:00,BUY,4551.8,4528.72,-11.67,-1.007,SL,12,1147.48
2022-04-04 14:00:00,2022-04-04 22:00:00,BUY,4554.5,4579.7,14.26,1.243,TP,8,1161.74
2022-04-06 17:00:00,2022-04-06 21:00:00,BUY,4464.35,4494.4,14.45,1.244,TP,4,1176.19
2022-04-07 10:00:00,2022-04-07 19:00:00,BUY,4477.7,4451.52,-11.83,-1.006,SL,9,1164.36
2022-04-08 08:00:00,2022-04-08 16:00:00,BUY,4506.2,4481.06,-11.71,-1.006,SL,8,1152.65
2022-04-11 05:00:00,2022-04-11 18:00:00,BUY,4461.7,4433.12,-11.59,-1.005,SL,13,1141.06
2022-04-13 05:00:00,2022-04-14 06:00:00,BUY,4417.2,4450.1,12.63,1.107,TIME,24,1153.69
2022-04-18 17:00:00,2022-04-18 19:00:00,BUY,4399.55,4374.33,-11.61,-1.006,SL,2,1142.09
2022-04-19 08:00:00,2022-04-19 12:00:00,BUY,4404.8,4379.57,-11.49,-1.006,SL,4,1130.6
2022-04-20 02:00:00,2022-04-20 16:00:00,BUY,4447.9,4486.01,14.08,1.245,TP,14,1144.68
2022-04-21 05:00:00,2022-04-21 19:00:00,BUY,4480.8,4453.67,-11.51,-1.006,SL,14,1133.17
2022-04-22 08:00:00,2022-04-22 16:00:00,BUY,4385.2,4358.5,-11.4,-1.006,SL,8,1121.77
2022-04-25 05:00:00,2022-04-25 18:00:00,BUY,4243.8,4204.82,-11.26,-1.004,SL,13,1110.51
2022-04-26 09:00:00,2022-04-26 16:00:00,BUY,4296.4,4261.53,-11.15,-1.004,SL,7,1099.36
2022-05-02 15:00:00,2022-05-02 20:00:00,BUY,4121.6,4080.77,-11.03,-1.004,SL,5,1088.32
2022-05-03 09:00:00,2022-05-04 10:00:00,BUY,4161.8,4183.0,5.77,0.53,TIME,24,1094.09
2022-05-05 10:00:00,2022-05-05 16:00:00,BUY,4282.0,4249.38,-10.99,-1.005,SL,6,1083.1
2022-05-06 16:00:00,2022-05-06 17:00:00,BUY,4073.85,4131.43,13.5,1.247,TP,1,1096.6
2022-05-09 11:00:00,2022-05-09 17:00:00,BUY,4069.3,4023.72,-11.0,-1.003,SL,6,1085.6
2022-05-10 06:00:00,2022-05-10 19:00:00,BUY,4015.0,3966.13,-10.89,-1.003,SL,13,1074.71
2022-05-11 08:00:00,2022-05-11 15:00:00,BUY,4016.0,3973.79,-10.79,-1.004,SL,7,1063.92
2022-05-16 05:00:00,2022-05-17 06:00:00,BUY,3999.9,4019.4,4.74,0.446,TIME,24,1068.67
2022-05-18 16:00:00,2022-05-18 18:00:00,BUY,4017.35,3985.98,-10.74,-1.005,SL,2,1057.93
2022-05-19 07:00:00,2022-05-19 10:00:00,BUY,3931.8,3896.4,-10.62,-1.004,SL,3,1047.3
2022-05-19 23:00:00,2022-05-20 19:00:00,BUY,3903.0,3846.77,-10.5,-1.003,SL,19,1036.8
2022-05-23 08:00:00,2022-05-24 09:00:00,BUY,3944.3,3921.2,-5.73,-0.553,TIME,24,1031.07
2022-05-25 11:00:00,2022-05-25 22:00:00,BUY,3942.7,3985.89,12.84,1.246,TP,11,1043.91
2022-05-27 03:00:00,2022-05-27 16:00:00,BUY,4048.7,4091.37,13.0,1.246,TP,13,1056.92
2022-06-02 06:00:00,2022-06-02 19:00:00,BUY,4100.5,4141.87,13.16,1.245,TP,13,1070.08
2022-06-03 14:00:00,2022-06-03 16:00:00,BUY,4142.7,4118.4,-10.77,-1.006,SL,2,1059.31
2022-06-06 10:00:00,2022-06-06 19:00:00,BUY,4148.8,4123.33,-10.66,-1.006,SL,9,1048.66
2022-06-07 08:00:00,2022-06-07 17:00:00,BUY,4089.5,4124.62,13.05,1.245,TP,9,1061.71
2022-06-08 06:00:00,2022-06-08 20:00:00,BUY,4144.3,4115.92,-10.67,-1.005,SL,14,1051.04
2022-06-09 09:00:00,2022-06-09 14:00:00,BUY,4113.5,4143.55,13.07,1.244,TP,5,1064.11
2022-06-10 09:00:00,2022-06-10 15:00:00,BUY,4028.0,3999.33,-10.7,-1.005,SL,6,1053.41
2022-06-13 04:00:00,2022-06-13 16:00:00,BUY,3840.7,3796.83,-10.57,-1.003,SL,12,1042.84
2022-06-14 18:00:00,2022-06-15 19:00:00,BUY,3749.25,3760.65,2.58,0.247,TIME,24,1045.42
2022-06-16 15:00:00,2022-06-16 17:00:00,BUY,3711.9,3665.34,-10.49,-1.003,SL,2,1034.93
2022-06-17 06:00:00,2022-06-17 17:00:00,BUY,3686.1,3644.28,-10.39,-1.004,SL,11,1024.55
2022-06-20 06:00:00,2022-06-21 11:00:00,BUY,3687.1,3743.22,12.77,1.247,TP,24,1037.32
2022-06-22 01:00:00,2022-06-22 05:00:00,BUY,3762.3,3733.79,-10.43,-1.005,SL,4,1026.89
2022-06-23 01:00:00,2022-06-23 22:00:00,BUY,3754.0,3802.21,12.8,1.246,TP,21,1039.69
2022-06-30 17:00:00,2022-06-30 19:00:00,BUY,3771.25,3816.34,12.95,1.246,TP,2,1052.64
2022-07-01 08:00:00,2022-07-01 16:00:00,BUY,3751.8,3798.66,13.12,1.246,TP,8,1065.76
2022-07-04 05:00:00,2022-07-05 02:00:00,BUY,3798.0,3847.05,13.28,1.246,TP,16,1079.04
2022-07-05 14:00:00,2022-07-05 16:00:00,BUY,3791.5,3765.57,-10.85,-1.006,SL,2,1068.18
2022-07-07 03:00:00,2022-07-07 16:00:00,BUY,3843.5,3885.84,13.31,1.246,TP,13,1081.49
2022-07-08 05:00:00,2022-07-08 18:00:00,BUY,3886.8,3915.16,13.45,1.243,TP,13,1094.94
2022-07-11 09:00:00,2022-07-12 03:00:00,BUY,3863.8,3837.3,-11.01,-1.006,SL,17,1083.93
2022-07-12 16:00:00,2022-07-12 22:00:00,BUY,3850.25,3822.35,-10.9,-1.005,SL,6,1073.03
2022-07-13 14:00:00,2022-07-13 15:00:00,BUY,3833.4,3810.19,-10.8,-1.007,SL,1,1062.23
2022-07-14 05:00:00,2022-07-14 11:00:00,BUY,3792.9,3754.58,-10.66,-1.004,SL,6,1051.56
2022-07-14 23:00:00,2022-07-15 16:00:00,BUY,3792.6,3840.96,13.1,1.246,TP,16,1064.67
2022-07-18 06:00:00,2022-07-18 21:00:00,BUY,3878.2,3852.33,-10.71,-1.006,SL,15,1053.96
2022-07-19 10:00:00,2022-07-19 13:00:00,BUY,3836.9,3866.18,13.11,1.244,TP,3,1067.07
2022-07-21 03:00:00,2022-07-21 22:00:00,BUY,3953.7,3990.01,13.28,1.245,TP,19,1080.35
2022-07-22 11:00:00,2022-07-22 19:00:00,BUY,3985.6,3960.82,-10.87,-1.006,SL,8,1069.48
2022-07-25 08:00:00,2022-07-25 13:00:00,BUY,3955.2,3982.28,13.29,1.243,TP,5,1082.77
2022-07-28 06:00:00,2022-07-28 18:00:00,BUY,4012.1,4039.52,13.46,1.243,TP,12,1096.24
2022-07-29 07:00:00,2022-07-29 21:00:00,BUY,4095.3,4126.71,13.64,1.244,TP,14,1109.87
2022-08-01 10:00:00,2022-08-01 16:00:00,BUY,4121.9,4102.02,-11.18,-1.008,SL,6,1098.69
2022-08-04 05:00:00,2022-08-05 06:00:00,BUY,4152.5,4161.0,4.47,0.407,TIME,24,1103.16
2022-08-05 18:00:00,2022-08-08 09:00:00,BUY,4116.85,4153.63,13.73,1.245,TP,14,1116.9
2022-08-11 06:00:00,2022-08-11 17:00:00,BUY,4220.1,4245.95,13.88,1.243,TP,11,1130.78
2022-08-12 06:00:00,2022-08-12 18:00:00,BUY,4214.1,4238.87,14.05,1.242,TP,12,1144.83
2022-08-15 08:00:00,2022-08-15 14:00:00,BUY,4269.3,4252.94,-11.55,-1.009,SL,6,1133.27
2022-08-18 09:00:00,2022-08-18 13:00:00,BUY,4256.7,4282.08,14.08,1.243,TP,4,1147.36
2022-08-19 02:00:00,2022-08-19 09:00:00,BUY,4283.8,4262.31,-11.55,-1.007,SL,7,1135.8
2022-08-22 18:00:00,2022-08-22 21:00:00,BUY,4160.35,4137.53,-11.43,-1.007,SL,3,1124.37
2022-08-23 15:00:00,2022-08-24 04:00:00,BUY,4136.3,4114.13,-11.32,-1.007,SL,12,1113.05
2022-08-25 13:00:00,2022-08-25 22:00:00,BUY,4163.1,4189.37,13.83,1.243,TP,9,1126.88
2022-08-26 11:00:00,2022-08-26 16:00:00,BUY,4187.1,4209.94,13.99,1.242,TP,5,1140.88
2022-08-29 10:00:00,2022-08-30 11:00:00,BUY,4035.0,4063.5,10.26,0.899,TIME,24,1151.14
2022-08-30 23:00:00,2022-09-01 01:00:00,BUY,3986.3,3950.63,-11.56,-1.004,SL,24,1139.58
2022-09-01 13:00:00,2022-09-01 22:00:00,BUY,3928.3,3961.71,14.18,1.244,TP,9,1153.76
2022-09-06 20:00:00,2022-09-07 20:00:00,BUY,3906.75,3954.05,14.38,1.246,TP,23,1168.13
2022-09-08 09:00:00,2022-09-08 15:00:00,BUY,3985.5,3962.89,-11.76,-1.007,SL,6,1156.37
2022-09-09 04:00:00,2022-09-09 17:00:00,BUY,4013.9,4052.49,14.4,1.245,TP,13,1170.77
2022-09-14 01:00:00,2022-09-15 02:00:00,BUY,3940.8,3952.1,3.51,0.299,TIME,24,1174.28
2022-09-15 18:00:00,2022-09-16 01:00:00,BUY,3909.55,3874.68,-11.79,-1.004,SL,6,1162.48
2022-09-19 17:00:00,2022-09-20 10:00:00,BUY,3878.55,3917.62,14.48,1.245,TP,16,1176.96
2022-09-22 08:00:00,2022-09-22 11:00:00,BUY,3770.6,3815.16,14.66,1.246,TP,3,1191.62
2022-09-26 05:00:00,2022-09-27 06:00:00,BUY,3677.5,3680.2,0.84,0.07,TIME,24,1192.46
2022-09-27 18:00:00,2022-09-28 05:00:00,BUY,3654.35,3613.16,-11.97,-1.004,SL,10,1180.49
2022-10-03 09:00:00,2022-10-03 17:00:00,BUY,3593.7,3645.7,14.71,1.246,TP,8,1195.21
2022-10-04 06:00:00,2022-10-04 16:00:00,BUY,3709.0,3753.17,14.89,1.246,TP,10,1210.1
2022-10-06 05:00:00,2022-10-06 11:00:00,BUY,3798.7,3768.11,-12.16,-1.005,SL,6,1197.94
2022-10-06 23:00:00,2022-10-07 15:00:00,BUY,3739.4,3703.4,-12.03,-1.004,SL,15,1185.91
2022-10-10 04:00:00,2022-10-10 20:00:00,BUY,3630.2,3593.12,-11.91,-1.004,SL,16,1174.0
2022-10-11 09:00:00,2022-10-11 18:00:00,BUY,3584.0,3623.43,14.62,1.245,TP,9,1188.62
2022-10-12 07:00:00,2022-10-13 08:00:00,BUY,3605.2,3576.3,-9.48,-0.797,TIME,24,1179.14
2022-10-14 07:00:00,2022-10-14 12:00:00,BUY,3692.6,3647.89,-11.83,-1.003,SL,5,1167.31
2022-10-17 01:00:00,2022-10-17 16:00:00,BUY,3599.5,3663.72,14.56,1.247,TP,15,1181.87
2022-10-18 05:00:00,2022-10-18 07:00:00,BUY,3701.3,3739.92,14.72,1.245,TP,2,1196.59
2022-10-19 23:00:00,2022-10-20 21:00:00,BUY,3699.4,3656.49,-12.01,-1.004,SL,21,1184.58
2022-10-21 19:00:00,2022-10-24 01:00:00,BUY,3723.45,3777.18,14.77,1.247,TP,5,1199.34
2022-10-27 22:00:00,2022-10-27 23:00:00,BUY,3810.15,3773.56,-12.04,-1.004,SL,1,1187.3
2022-11-02 18:00:00,2022-11-02 21:00:00,BUY,3836.75,3814.43,-11.95,-1.007,SL,3,1175.35
2022-11-03 10:00:00,2022-11-03 14:00:00,BUY,3759.7,3729.21,-11.81,-1.005,SL,4,1163.54
2022-11-04 03:00:00,2022-11-04 15:00:00,BUY,3717.4,3759.19,14.49,1.246,TP,12,1178.03
2022-11-07 07:00:00,2022-11-08 02:00:00,BUY,3764.7,3813.7,14.68,1.246,TP,18,1192.71
2022-11-09 19:00:00,2022-11-09 21:00:00,BUY,3792.75,3757.23,-11.98,-1.004,SL,2,1180.73
2022-11-11 03:00:00,2022-11-14 04:00:00,BUY,3952.2,3982.9,8.96,0.759,TIME,24,1189.69
2022-11-16 20:00:00,2022-11-17 13:00:00,BUY,3958.45,3927.12,-11.95,-1.005,SL,16,1177.74
2022-11-18 02:00:00,2022-11-21 03:00:00,BUY,3951.8,3952.0,0.08,0.007,TIME,24,1177.82
2022-11-24 09:00:00,2022-11-25 14:00:00,BUY,4033.9,4032.2,-1.27,-0.108,TIME,24,1176.55
2022-11-28 06:00:00,2022-11-28 11:00:00,BUY,4001.3,3988.5,-11.9,-1.012,SL,5,1164.64
2022-11-28 23:00:00,2022-11-29 18:00:00,BUY,3967.05,3947.15,-11.73,-1.008,SL,18,1152.91
2022-12-01 23:00:00,2022-12-02 15:00:00,BUY,4073.7,4043.83,-11.59,-1.005,SL,15,1141.32
2022-12-05 04:00:00,2022-12-05 16:00:00,BUY,4066.9,4039.46,-11.48,-1.005,SL,12,1129.84
2022-12-06 05:00:00,2022-12-06 16:00:00,BUY,4006.5,3985.3,-11.38,-1.007,SL,11,1118.46
2022-12-07 13:00:00,2022-12-07 16:00:00,BUY,3926.7,3951.91,13.9,1.243,TP,3,1132.36
2022-12-08 16:00:00,2022-12-09 15:00:00,BUY,3961.85,3938.18,-11.4,-1.006,SL,22,1120.97
2022-12-12 22:00:00,2022-12-13 14:00:00,BUY,3990.35,4016.5,13.93,1.243,TP,15,1134.9
2022-12-15 02:00:00,2022-12-15 10:00:00,BUY,4007.9,3969.0,-11.39,-1.004,SL,8,1123.51
2022-12-15 22:00:00,2022-12-16 10:00:00,BUY,3898.15,3862.5,-11.28,-1.004,SL,11,1112.22
2022-12-19 19:00:00,2022-12-19 21:00:00,BUY,3830.55,3805.02,-11.19,-1.006,SL,2,1101.04
2022-12-20 10:00:00,2022-12-21 11:00:00,BUY,3814.0,3846.8,12.86,1.168,TIME,24,1113.9
2022-12-22 02:00:00,2022-12-22 15:00:00,BUY,3886.2,3862.41,-11.21,-1.006,SL,13,1102.69
2022-12-23 18:00:00,2022-12-27 19:00:00,BUY,3832.45,3836.45,1.3,0.117,TIME,24,1103.98
2022-12-28 08:00:00,2022-12-28 17:00:00,BUY,3838.1,3818.01,-11.12,-1.008,SL,9,1092.86
2022-12-29 09:00:00,2022-12-29 15:00:00,BUY,3789.1,3811.82,13.57,1.242,TP,6,1106.43
2022-12-30 17:00:00,2022-12-30 23:00:00,BUY,3817.85,3842.93,13.75,1.243,TP,6,1120.18
2023-01-03 12:00:00,2023-01-03 14:00:00,BUY,3875.0,3849.5,-11.27,-1.006,SL,2,1108.91
2023-01-04 03:00:00,2023-01-04 18:00:00,BUY,3830.5,3869.01,13.81,1.245,TP,15,1122.72
2023-01-05 07:00:00,2023-01-05 16:00:00,BUY,3849.8,3822.5,-11.29,-1.006,SL,9,1111.43
2023-01-06 17:00:00,2023-01-09 12:00:00,BUY,3867.35,3911.87,13.85,1.246,TP,18,1125.28
2023-01-12 23:00:00,2023-01-13 14:00:00,BUY,3982.2,3949.05,-11.3,-1.005,SL,14,1113.97
2023-01-19 05:00:00,2023-01-19 13:00:00,BUY,3922.3,3900.64,-11.22,-1.007,SL,8,1102.75
2023-01-20 02:00:00,2023-01-20 20:00:00,BUY,3906.5,3937.92,13.72,1.244,TP,18,1116.47
2023-01-23 09:00:00,2023-01-23 16:00:00,BUY,3972.0,3993.06,13.86,1.241,TP,7,1130.33
2023-01-25 11:00:00,2023-01-25 16:00:00,BUY,3988.3,3968.66,-11.39,-1.008,SL,5,1118.94
2023-01-27 04:00:00,2023-01-27 17:00:00,BUY,4049.5,4077.86,13.91,1.243,TP,13,1132.85
2023-01-30 19:00:00,2023-01-31 10:00:00,BUY,4033.35,4008.43,-11.4,-1.006,SL,14,1121.46
2023-02-02 05:00:00,2023-02-02 17:00:00,BUY,4129.5,4166.47,13.96,1.245,TP,12,1135.42
2023-02-03 06:00:00,2023-02-03 15:00:00,BUY,4157.7,4126.62,-11.41,-1.005,SL,9,1124.01
2023-02-06 04:00:00,2023-02-07 05:00:00,BUY,4122.5,4118.6,-1.39,-0.124,TIME,24,1122.62
2023-02-07 18:00:00,2023-02-07 19:00:00,BUY,4114.75,4139.71,13.95,1.243,TP,1,1136.56
2023-02-09 02:00:00,2023-02-09 12:00:00,BUY,4125.6,4156.68,14.14,1.244,TP,10,1150.7
2023-02-15 10:00:00,2023-02-15 22:00:00,BUY,4118.7,4147.78,14.31,1.244,TP,12,1165.01
2023-02-16 22:00:00,2023-02-17 10:00:00,BUY,4091.05,4060.97,-11.71,-1.005,SL,11,1153.3
2023-02-21 03:00:00,2023-02-21 10:00:00,BUY,4063.1,4049.93,-11.67,-1.012,SL,7,1141.64
2023-02-22 11:00:00,2023-02-22 17:00:00,BUY,4001.0,3984.93,-11.52,-1.009,SL,6,1130.11
2023-02-28 02:00:00,2023-02-28 10:00:00,BUY,3987.9,3966.78,-11.38,-1.007,SL,8,1118.73
2023-02-28 22:00:00,2023-03-01 18:00:00,BUY,3967.75,3945.11,-11.26,-1.007,SL,19,1107.47
2023-03-02 07:00:00,2023-03-02 20:00:00,BUY,3931.5,3957.51,13.76,1.243,TP,13,1121.23
2023-03-13 10:00:00,2023-03-13 12:00:00,BUY,3920.7,3880.22,-11.25,-1.004,SL,2,1109.98
2023-03-14 01:00:00,2023-03-14 18:00:00,BUY,3868.1,3935.47,13.84,1.247,TP,17,1123.82
2023-03-15 07:00:00,2023-03-15 12:00:00,BUY,3924.2,3892.76,-11.29,-1.005,SL,5,1112.53
2023-03-16 01:00:00,2023-03-16 19:00:00,BUY,3896.6,3950.37,13.87,1.247,TP,18,1126.4
2023-03-17 08:00:00,2023-03-17 15:00:00,BUY,3964.1,3938.13,-11.33,-1.006,SL,7,1115.07
2023-03-20 04:00:00,2023-03-20 09:00:00,BUY,3930.3,3895.41,-11.2,-1.004,SL,5,1103.87
2023-03-21 11:00:00,2023-03-21 16:00:00,BUY,3963.4,3992.15,13.73,1.244,TP,5,1117.6
2023-03-24 08:00:00,2023-03-24 12:00:00,BUY,3951.9,3924.68,-11.24,-1.006,SL,4,1106.36
2023-03-28 20:00:00,2023-03-29 02:00:00,BUY,3952.85,3979.52,13.75,1.243,TP,5,1120.11
2023-03-31 03:00:00,2023-03-31 18:00:00,BUY,4063.3,4083.08,13.9,1.241,TP,15,1134.01
2023-04-13 02:00:00,2023-04-13 17:00:00,BUY,4084.4,4112.29,14.1,1.243,TP,15,1148.11
2023-04-14 07:00:00,2023-04-14 16:00:00,BUY,4144.3,4161.98,14.23,1.239,TP,9,1162.34
2023-04-19 14:00:00,2023-04-19 18:00:00,BUY,4132.2,4147.71,14.39,1.238,TP,4,1176.73
2023-04-20 13:00:00,2023-04-20 20:00:00,BUY,4127.8,4144.31,14.58,1.239,TP,7,1191.31
2023-04-21 09:00:00,2023-04-24 10:00:00,BUY,4124.1,4117.5,-5.73,-0.481,TIME,24,1185.58
2023-04-25 01:00:00,2023-04-25 10:00:00,BUY,4134.4,4119.74,-11.98,-1.01,SL,9,1173.6
2023-04-26 10:00:00,2023-04-26 14:00:00,BUY,4085.1,4069.88,-11.85,-1.01,SL,4,1161.75
2023-04-27 06:00:00,2023-04-27 16:00:00,BUY,4064.9,4085.82,14.42,1.241,TP,10,1176.17
2023-04-28 06:00:00,2023-04-28 17:00:00,BUY,4129.0,4150.01,14.6,1.241,TP,11,1190.76
2023-05-01 11:00:00,2023-05-01 19:00:00,BUY,4167.6,4186.57,14.77,1.24,TP,8,1205.53
2023-05-02 08:00:00,2023-05-02 16:00:00,BUY,4166.3,4152.55,-12.19,-1.011,SL,8,1193.34
2023-05-04 11:00:00,2023-05-04 16:00:00,BUY,4088.6,4065.54,-12.01,-1.007,SL,5,1181.33
2023-05-05 05:00:00,2023-05-05 16:00:00,BUY,4074.5,4104.83,14.69,1.244,TP,11,1196.03
2023-05-08 11:00:00,2023-05-09 12:00:00,BUY,4135.3,4119.9,-12.08,-1.01,SL,24,1183.95
2023-05-10 10:00:00,2023-05-10 15:00:00,BUY,4111.6,4126.21,14.65,1.237,TP,5,1198.6
2023-05-15 04:00:00,2023-05-16 05:00:00,BUY,4122.2,4129.4,4.72,0.394,TIME,24,1203.32
2023-05-17 01:00:00,2023-05-17 19:00:00,BUY,4114.2,4135.39,14.94,1.241,TP,18,1218.26
2023-05-18 13:00:00,2023-05-18 15:00:00,BUY,4166.7,4154.01,-12.33,-1.012,SL,2,1205.93
2023-05-19 04:00:00,2023-05-19 18:00:00,BUY,4203.6,4183.65,-12.15,-1.008,SL,14,1193.78
2023-05-23 14:00:00,2023-05-23 19:00:00,BUY,4179.5,4165.44,-12.07,-1.011,SL,5,1181.71
2023-05-24 14:00:00,2023-05-24 17:00:00,BUY,4129.4,4112.94,-11.93,-1.009,SL,3,1169.79
2023-05-25 06:00:00,2023-05-25 21:00:00,BUY,4130.3,4157.94,14.54,1.243,TP,15,1184.33
2023-05-29 10:00:00,2023-05-30 15:00:00,BUY,4218.4,4227.9,6.47,0.547,TIME,24,1190.8
2023-05-31 09:00:00,2023-05-31 17:00:00,BUY,4189.0,4175.02,-12.04,-1.011,SL,8,1178.77
2023-06-02 13:00:00,2023-06-02 16:00:00,BUY,4241.3,4257.34,14.6,1.238,TP,3,1193.36
2023-06-05 07:00:00,2023-06-05 17:00:00,BUY,4278.0,4296.42,14.8,1.24,TP,10,1208.16
2023-06-06 08:00:00,2023-06-07 09:00:00,BUY,4273.1,4282.6,8.57,0.71,TIME,24,1216.73
2023-06-08 01:00:00,2023-06-08 19:00:00,BUY,4266.5,4286.79,15.1,1.241,TP,18,1231.83
2023-06-12 13:00:00,2023-06-12 21:00:00,BUY,4309.2,4324.68,15.25,1.238,TP,8,1247.08
2023-06-15 02:00:00,2023-06-15 13:00:00,BUY,4372.8,4352.23,-12.56,-1.007,SL,11,1234.52
2023-06-16 12:00:00,2023-06-16 22:00:00,BUY,4429.2,4412.66,-12.46,-1.009,SL,10,1222.06
2023-06-20 01:00:00,2023-06-20 11:00:00,BUY,4401.4,4389.03,-12.37,-1.012,SL,10,1209.69
2023-06-22 06:00:00,2023-06-22 14:00:00,BUY,4364.0,4349.1,-12.22,-1.01,SL,8,1197.47
2023-06-23 05:00:00,2023-06-23 15:00:00,BUY,4366.4,4350.67,-12.09,-1.01,SL,10,1185.38
2023-06-26 10:00:00,2023-06-26 22:00:00,BUY,4344.7,4328.68,-11.97,-1.009,SL,12,1173.41
2023-06-29 02:00:00,2023-06-30 03:00:00,BUY,4386.5,4395.9,6.07,0.517,TIME,24,1179.48
2023-06-30 15:00:00,2023-06-30 17:00:00,BUY,4426.0,4442.73,14.61,1.239,TP,2,1194.1
2023-07-03 07:00:00,2023-07-04 11:00:00,BUY,4451.2,4450.7,-0.46,-0.039,TIME,24,1193.64
2023-07-05 12:00:00,2023-07-05 16:00:00,BUY,4434.9,4444.95,14.7,1.232,TP,4,1208.34
2023-07-06 05:00:00,2023-07-06 07:00:00,BUY,4440.5,4430.16,-12.26,-1.015,SL,2,1196.08
2023-07-06 21:00:00,2023-07-07 16:00:00,BUY,4414.45,4398.45,-12.07,-1.009,SL,18,1184.0
2023-07-10 09:00:00,2023-07-10 15:00:00,BUY,4382.1,4403.77,14.7,1.241,TP,6,1198.7
2023-07-11 04:00:00,2023-07-11 19:00:00,BUY,4410.1,4429.05,15.0,1.251,TP,15,1213.7
2023-07-12 08:00:00,2023-07-12 15:00:00,BUY,4442.1,4457.77,15.03,1.238,TP,7,1228.73
2023-07-13 13:00:00,2023-07-13 19:00:00,BUY,4487.7,4502.5,15.2,1.237,TP,6,1243.93
2023-07-14 08:00:00,2023-07-14 16:00:00,BUY,4509.4,4522.35,15.37,1.236,TP,8,1259.3
2023-07-20 03:00:00,2023-07-20 17:00:00,BUY,4557.7,4542.26,-12.72,-1.01,SL,14,1246.58
2023-07-21 06:00:00,2023-07-21 15:00:00,BUY,4540.3,4556.9,15.44,1.239,TP,9,1262.03
2023-08-01 19:00:00,2023-08-02 01:00:00,BUY,4575.75,4552.65,-19.01,-1.506,SL,5,1243.01
2023-08-02 13:00:00,2023-08-02 16:00:00,BUY,4556.1,4538.75,-12.54,-1.009,SL,3,1230.48
2023-08-03 05:00:00,2023-08-03 10:00:00,BUY,4516.6,4498.08,-12.41,-1.008,SL,5,1218.07
2023-08-03 22:00:00,2023-08-04 16:00:00,BUY,4499.35,4527.51,15.15,1.243,TP,17,1233.22
2023-08-08 20:00:00,2023-08-09 10:00:00,BUY,4484.15,4509.5,15.32,1.243,TP,13,1248.54
2023-08-10 03:00:00,2023-08-10 16:00:00,BUY,4481.6,4507.32,15.52,1.243,TP,13,1264.06
2023-08-14 23:00:00,2023-08-15 10:00:00,BUY,4491.2,4469.15,-12.73,-1.007,SL,10,1251.33
2023-08-15 22:00:00,2023-08-16 22:00:00,BUY,4438.15,4414.2,-12.59,-1.006,SL,23,1238.74
2023-08-17 11:00:00,2023-08-17 21:00:00,BUY,4409.5,4391.52,-12.49,-1.008,SL,10,1226.25
2023-08-21 09:00:00,2023-08-21 12:00:00,BUY,4366.7,4389.47,15.23,1.242,TP,3,1241.47
2023-08-22 01:00:00,2023-08-22 14:00:00,BUY,4394.0,4421.22,15.43,1.243,TP,13,1256.91
2023-08-24 01:00:00,2023-08-24 17:00:00,BUY,4458.9,4436.0,-12.65,-1.007,SL,16,1244.26
2023-08-28 20:00:00,2023-08-29 16:00:00,BUY,4417.65,4447.24,15.47,1.244,TP,19,1259.73
2023-08-31 04:00:00,2023-09-01 05:00:00,BUY,4517.7,4511.6,-4.84,-0.384,TIME,24,1254.89
2023-09-05 05:00:00,2023-09-05 10:00:00,BUY,4510.1,4499.49,-12.73,-1.014,SL,5,1242.16
2023-09-06 01:00:00,2023-09-06 10:00:00,BUY,4496.4,4481.17,-12.55,-1.01,SL,9,1229.61
2023-09-06 22:00:00,2023-09-07 11:00:00,BUY,4465.65,4447.22,-12.4,-1.008,SL,12,1217.22
2023-09-07 23:00:00,2023-09-11 01:00:00,BUY,4453.4,4461.7,5.29,0.434,TIME,24,1222.5
2023-09-11 13:00:00,2023-09-12 14:00:00,BUY,4478.3,4472.2,-5.57,-0.456,TIME,24,1216.93
2023-09-13 03:00:00,2023-09-13 15:00:00,BUY,4462.6,4448.98,-12.3,-1.011,SL,12,1204.62
2023-09-14 23:00:00,2023-09-15 16:00:00,BUY,4508.9,4491.68,-12.15,-1.009,SL,16,1192.47
2023-09-18 18:00:00,2023-09-19 16:00:00,BUY,4463.65,4447.32,-12.04,-1.009,SL,21,1180.44
2023-09-21 08:00:00,2023-09-21 13:00:00,BUY,4388.0,4373.46,-11.93,-1.01,SL,5,1168.51
2023-09-22 02:00:00,2023-09-22 17:00:00,BUY,4327.3,4351.8,14.52,1.242,TP,15,1183.03
2023-09-26 21:00:00,2023-09-27 20:00:00,BUY,4273.75,4250.23,-11.91,-1.006,SL,22,1171.12
2023-10-02 22:00:00,2023-10-03 15:00:00,BUY,4289.25,4258.53,-11.77,-1.005,SL,16,1159.35
2023-10-04 04:00:00,2023-10-04 18:00:00,BUY,4217.7,4250.01,14.42,1.244,TP,14,1173.78
2023-10-09 13:00:00,2023-10-09 20:00:00,BUY,4283.5,4313.29,14.6,1.244,TP,7,1188.37
2023-10-10 09:00:00,2023-10-10 17:00:00,BUY,4337.3,4359.35,14.75,1.242,TP,8,1203.13
2023-10-12 01:00:00,2023-10-12 16:00:00,BUY,4385.6,4366.63,-12.13,-1.008,SL,15,1191.0
2023-10-13 05:00:00,2023-10-13 13:00:00,BUY,4354.6,4335.72,-12.01,-1.008,SL,8,1179.0
2023-10-16 07:00:00,2023-10-16 17:00:00,BUY,4338.2,4364.25,14.65,1.243,TP,10,1193.65
2023-10-18 21:00:00,2023-10-19 10:00:00,BUY,4324.35,4296.46,-12.0,-1.005,SL,12,1181.65
2023-10-23 17:00:00,2023-10-24 17:00:00,BUY,4225.25,4257.96,14.7,1.244,TP,23,1196.35
2023-10-26 04:00:00,2023-10-26 19:00:00,BUY,4162.8,4138.23,-12.04,-1.006,SL,15,1184.31
2023-10-31 02:00:00,2023-10-31 21:00:00,BUY,4162.5,4190.19,14.72,1.243,TP,19,1199.04
2023-11-02 01:00:00,2023-11-02 15:00:00,BUY,4242.0,4272.45,14.91,1.244,TP,14,1213.95
2023-11-03 04:00:00,2023-11-03 15:00:00,BUY,4315.0,4337.09,15.07,1.242,TP,11,1229.03
2023-11-06 11:00:00,2023-11-06 20:00:00,BUY,4366.3,4352.34,-12.42,-1.011,SL,9,1216.6
2023-11-10 01:00:00,2023-11-10 16:00:00,BUY,4345.4,4369.05,15.11,1.242,TP,15,1231.71
2023-11-13 08:00:00,2023-11-13 18:00:00,BUY,4400.8,4420.77,15.28,1.241,TP,10,1246.99
2023-11-21 02:00:00,2023-11-21 15:00:00,BUY,4551.2,4537.23,-12.61,-1.011,SL,13,1234.39
2023-11-23 08:00:00,2023-11-24 13:00:00,BUY,4559.3,4561.1,1.97,0.159,TIME,24,1236.36
2023-11-27 06:00:00,2023-11-27 16:00:00,BUY,4545.7,4555.38,15.22,1.231,TP,10,1251.58
2023-11-30 02:00:00,2023-11-30 20:00:00,BUY,4553.2,4537.59,-12.64,-1.01,SL,18,1238.94
2023-12-05 15:00:00,2023-12-05 17:00:00,BUY,4552.9,4569.45,15.35,1.239,TP,2,1254.29
2023-12-06 23:00:00,2023-12-07 16:00:00,BUY,4550.9,4571.58,15.57,1.241,TP,16,1269.85
2023-12-08 11:00:00,2023-12-08 14:00:00,BUY,4585.6,4574.75,-12.88,-1.014,SL,3,1256.98
2023-12-12 06:00:00,2023-12-12 15:00:00,BUY,4624.3,4637.4,15.53,1.236,TP,9,1272.51
2023-12-14 07:00:00,2023-12-14 20:00:00,BUY,4724.2,4707.73,-12.84,-1.009,SL,13,1259.67
2023-12-19 01:00:00,2023-12-19 16:00:00,BUY,4738.8,4754.48,15.6,1.238,TP,15,1275.26
2023-12-27 05:00:00,2023-12-27 23:00:00,BUY,4774.5,4786.34,15.74,1.234,TP,18,1291.01
2024-01-02 06:00:00,2024-01-02 13:00:00,BUY,4775.0,4762.52,-13.07,-1.012,SL,7,1277.94
2024-01-03 04:00:00,2024-01-03 14:00:00,BUY,4742.6,4726.03,-12.9,-1.009,SL,10,1265.04
2024-01-04 03:00:00,2024-01-04 22:00:00,BUY,4710.7,4693.03,-12.76,-1.009,SL,19,1252.28
2024-01-08 01:00:00,2024-01-08 11:00:00,BUY,4701.2,4677.18,-12.6,-1.006,SL,10,1239.68
2024-01-08 23:00:00,2024-01-09 14:00:00,BUY,4759.9,4739.48,-12.49,-1.007,SL,14,1227.19
2024-01-11 06:00:00,2024-01-11 15:00:00,BUY,4793.2,4778.66,-12.4,-1.01,SL,9,1214.79
2024-01-12 14:00:00,2024-01-12 16:00:00,BUY,4767.6,4792.82,15.1,1.243,TP,2,1229.89
2024-01-17 09:00:00,2024-01-17 16:00:00,BUY,4744.2,4727.72,-12.41,-1.009,SL,7,1217.48
2024-01-18 05:00:00,2024-01-18 13:00:00,BUY,4735.8,4756.85,15.11,1.241,TP,8,1232.59
2024-01-19 11:00:00,2024-01-19 20:00:00,BUY,4800.6,4819.41,15.29,1.24,TP,9,1247.87
2024-01-22 11:00:00,2024-01-23 12:00:00,BUY,4854.0,4849.4,-3.95,-0.317,TIME,24,1243.92
2024-01-24 02:00:00,2024-01-24 15:00:00,BUY,4875.1,4890.75,15.4,1.238,TP,13,1259.32
2024-01-26 06:00:00,2024-01-26 15:00:00,BUY,4875.2,4895.32,15.63,1.241,TP,9,1274.95
2024-01-29 08:00:00,2024-01-29 21:00:00,BUY,4887.5,4904.93,15.8,1.239,TP,13,1290.75
2024-01-30 10:00:00,2024-01-30 23:00:00,BUY,4926.8,4914.47,-13.07,-1.012,SL,13,1277.68
2024-01-31 12:00:00,2024-01-31 17:00:00,BUY,4899.0,4886.41,-12.93,-1.012,SL,5,1264.75
2024-02-01 16:00:00,2024-02-01 19:00:00,BUY,4864.85,4885.03,15.69,1.241,TP,3,1280.44
2024-02-02 08:00:00,2024-02-02 15:00:00,BUY,4935.1,4916.63,-12.91,-1.008,SL,7,1267.54
2024-02-05 07:00:00,2024-02-05 17:00:00,BUY,4947.5,4926.88,-12.77,-1.007,SL,10,1254.77
2024-02-09 02:00:00,2024-02-09 15:00:00,BUY,4995.3,5009.77,15.52,1.237,TP,13,1270.29
2024-02-12 11:00:00,2024-02-12 18:00:00,BUY,5026.4,5037.26,15.66,1.233,TP,7,1285.95
2024-02-13 07:00:00,2024-02-13 11:00:00,BUY,5016.4,5004.93,-13.03,-1.013,SL,4,1272.92
2024-02-14 08:00:00,2024-02-14 14:00:00,BUY,4958.6,4979.8,15.8,1.241,TP,6,1288.72
2024-02-16 03:00:00,2024-02-16 16:00:00,BUY,5027.3,5010.56,-13.0,-1.009,SL,13,1275.72
2024-02-20 05:00:00,2024-02-20 16:00:00,BUY,4989.6,4976.79,-12.91,-1.012,SL,11,1262.81
2024-02-21 05:00:00,2024-02-21 20:00:00,BUY,4970.4,4953.47,-12.74,-1.009,SL,15,1250.07
2024-02-23 09:00:00,2024-02-23 16:00:00,BUY,5088.2,5107.28,15.5,1.24,TP,7,1265.57
2024-02-26 09:00:00,2024-02-26 22:00:00,BUY,5081.9,5068.27,-12.8,-1.011,SL,13,1252.78
2024-02-27 11:00:00,2024-02-27 19:00:00,BUY,5075.2,5061.9,-12.67,-1.011,SL,8,1240.11
2024-03-01 06:00:00,2024-03-01 12:00:00,BUY,5101.2,5083.01,-12.5,-1.008,SL,6,1227.6
2024-03-04 07:00:00,2024-03-04 22:00:00,BUY,5132.7,5149.34,15.21,1.239,TP,15,1242.81
2024-03-05 11:00:00,2024-03-05 16:00:00,BUY,5112.7,5100.77,-12.59,-1.013,SL,5,1230.22
2024-03-08 06:00:00,2024-03-08 15:00:00,BUY,5158.9,5140.65,-12.4,-1.008,SL,9,1217.82
2024-03-11 09:00:00,2024-03-11 17:00:00,BUY,5121.5,5098.31,-12.26,-1.007,SL,8,1205.56
2024-03-15 02:00:00,2024-03-15 16:00:00,BUY,5148.1,5125.98,-12.14,-1.007,SL,14,1193.42
2024-03-18 05:00:00,2024-03-18 14:00:00,BUY,5131.76,5156.92,14.83,1.243,TP,9,1208.25
2024-03-21 13:00:00,2024-03-21 16:00:00,BUY,5244.72,5260.63,14.96,1.238,TP,3,1223.22
2024-03-22 06:00:00,2024-03-22 17:00:00,BUY,5244.55,5231.77,-12.38,-1.012,SL,11,1210.84
2024-03-25 06:00:00,2024-03-25 14:00:00,BUY,5233.82,5220.89,-12.25,-1.012,SL,8,1198.59
2024-03-27 03:00:00,2024-03-27 16:00:00,BUY,5221.13,5235.41,14.83,1.237,TP,13,1213.41
2024-04-01 04:00:00,2024-04-01 15:00:00,BUY,5276.39,5260.58,-12.25,-1.01,SL,11,1201.16
2024-04-02 16:00:00,2024-04-03 16:00:00,BUY,5195.58,5204.92,6.83,0.569,TIME,24,1208.0
2024-04-08 10:00:00,2024-04-09 10:00:00,BUY,5209.63,5202.61,-3.74,-0.31,TIME,24,1204.26
2024-04-10 18:00:00,2024-04-11 18:00:00,BUY,5152.46,5169.92,6.42,0.533,TIME,24,1210.67
2024-04-16 09:00:00,2024-04-17 09:00:00,BUY,5051.21,5044.95,-2.82,-0.233,TIME,24,1207.85
2024-04-18 02:00:00,2024-04-19 02:00:00,BUY,5026.83,5000.52,-10.68,-0.884,TIME,24,1197.17
2024-04-22 05:00:00,2024-04-22 20:00:00,BUY,4980.47,5019.99,14.91,1.245,TP,15,1212.08
2024-04-23 23:00:00,2024-04-24 18:00:00,BUY,5076.45,5051.73,-12.19,-1.006,SL,19,1199.88
2024-04-25 20:00:00,2024-04-25 23:00:00,BUY,5048.75,5085.93,14.94,1.245,TP,3,1214.82
2024-04-26 11:00:00,2024-04-26 20:00:00,BUY,5084.02,5111.01,15.1,1.243,TP,9,1229.92
2024-04-29 12:00:00,2024-04-29 22:00:00,BUY,5104.57,5088.7,-12.42,-1.01,SL,10,1217.51
2024-05-02 00:00:00,2024-05-02 21:00:00,BUY,5024.17,5068.84,15.17,1.246,TP,21,1232.68
2024-05-06 12:00:00,2024-05-06 19:00:00,BUY,5142.32,5162.07,15.29,1.241,TP,7,1247.97
2024-05-07 07:00:00,2024-05-07 17:00:00,BUY,5182.14,5196.41,15.44,1.237,TP,10,1263.4
2024-05-10 05:00:00,2024-05-10 11:00:00,BUY,5217.08,5231.7,15.63,1.237,TP,6,1279.04
2024-05-13 11:00:00,2024-05-13 16:00:00,BUY,5227.8,5240.41,15.8,1.235,TP,5,1294.84
2024-05-14 23:00:00,2024-05-15 15:00:00,BUY,5247.12,5267.36,16.07,1.241,TP,16,1310.9
2024-05-17 04:00:00,2024-05-17 21:00:00,BUY,5300.61,5287.59,-13.26,-1.012,SL,17,1297.64
2024-05-20 10:00:00,2024-05-20 16:00:00,BUY,5312.46,5324.36,16.02,1.234,TP,6,1313.66
2024-05-22 00:00:00,2024-05-22 20:00:00,BUY,5324.92,5313.63,-13.31,-1.013,SL,20,1300.35
2024-05-23 09:00:00,2024-05-23 16:00:00,BUY,5338.84,5322.41,-13.12,-1.009,SL,7,1287.22
2024-05-24 06:00:00,2024-05-24 17:00:00,BUY,5275.81,5299.1,15.99,1.242,TP,11,1303.21
2024-05-27 06:00:00,2024-05-28 01:00:00,BUY,5302.36,5320.97,16.87,1.295,TP,14,1320.09
2024-05-30 10:00:00,2024-05-30 22:00:00,BUY,5246.78,5230.82,-13.33,-1.009,SL,12,1306.76
2024-05-31 20:00:00,2024-05-31 22:00:00,BUY,5218.89,5249.16,16.25,1.244,TP,2,1323.01
2024-06-03 11:00:00,2024-06-03 17:00:00,BUY,5295.32,5272.11,-13.32,-1.007,SL,6,1309.7
2024-06-04 06:00:00,2024-06-04 11:00:00,BUY,5289.62,5267.45,-13.19,-1.007,SL,5,1296.51
2024-06-05 01:00:00,2024-06-05 18:00:00,BUY,5299.63,5328.7,16.12,1.244,TP,17,1312.63
2024-06-07 06:00:00,2024-06-07 15:00:00,BUY,5358.77,5347.41,-13.3,-1.013,SL,9,1299.33
2024-06-10 13:00:00,2024-06-10 20:00:00,BUY,5342.13,5363.07,16.13,1.241,TP,7,1315.46
2024-06-12 01:00:00,2024-06-12 15:00:00,BUY,5380.91,5402.74,16.33,1.241,TP,14,1331.79
2024-06-14 15:00:00,2024-06-14 22:00:00,BUY,5410.61,5433.15,16.54,1.242,TP,7,1348.33
2024-06-17 11:00:00,2024-06-17 19:00:00,BUY,5430.83,5449.38,16.72,1.24,TP,8,1365.05
2024-06-18 07:00:00,2024-06-19 01:00:00,BUY,5475.28,5493.29,16.92,1.24,TP,17,1381.97
2024-06-19 13:00:00,2024-06-20 08:00:00,BUY,5497.21,5509.99,17.07,1.235,TP,14,1399.04
2024-06-21 00:00:00,2024-06-21 16:00:00,BUY,5476.48,5458.04,-14.11,-1.008,SL,16,1384.94
2024-06-24 15:00:00,2024-06-24 17:00:00,BUY,5467.47,5486.27,17.17,1.24,TP,2,1402.11
2024-06-25 06:00:00,2024-06-26 06:00:00,BUY,5460.16,5476.43,13.76,0.982,TIME,24,1415.87
2024-06-28 11:00:00,2024-06-28 16:00:00,BUY,5501.58,5489.16,-14.33,-1.012,SL,5,1401.54
2024-07-01 12:00:00,2024-07-01 17:00:00,BUY,5469.1,5451.59,-14.14,-1.009,SL,5,1387.41
2024-07-02 05:00:00,2024-07-02 14:00:00,BUY,5463.52,5445.91,-13.99,-1.009,SL,9,1373.41
2024-07-03 05:00:00,2024-07-03 19:00:00,BUY,5506.28,5526.45,17.04,1.241,TP,14,1390.45
2024-07-08 11:00:00,2024-07-08 16:00:00,BUY,5565.43,5578.25,17.18,1.236,TP,5,1407.63
2024-07-09 04:00:00,2024-07-10 04:00:00,BUY,5581.49,5580.34,-1.36,-0.097,TIME,24,1406.27
2024-07-12 01:00:00,2024-07-12 17:00:00,BUY,5590.15,5614.77,17.47,1.242,TP,16,1423.74
2024-07-15 06:00:00,2024-07-15 17:00:00,BUY,5626.89,5652.31,17.69,1.243,TP,11,1441.44
2024-07-16 05:00:00,2024-07-16 11:00:00,BUY,5646.08,5628.38,-14.54,-1.009,SL,6,1426.9
2024-07-17 05:00:00,2024-07-17 09:00:00,BUY,5664.45,5649.18,-14.41,-1.01,SL,4,1412.49
2024-07-18 05:00:00,2024-07-18 17:00:00,BUY,5606.86,5589.18,-14.25,-1.009,SL,12,1398.24
2024-07-19 15:00:00,2024-07-19 17:00:00,BUY,5557.71,5533.35,-14.07,-1.006,SL,2,1384.17
2024-07-23 02:00:00,2024-07-24 01:00:00,BUY,5563.74,5536.74,-15.44,-1.115,SL,23,1368.74
2024-07-25 13:00:00,2024-07-25 17:00:00,BUY,5423.74,5396.67,-13.76,-1.006,SL,4,1354.98
2024-07-26 05:00:00,2024-07-26 18:00:00,BUY,5421.05,5463.7,16.88,1.246,TP,13,1371.85
2024-07-29 07:00:00,2024-07-29 18:00:00,BUY,5485.8,5459.3,-13.8,-1.006,SL,11,1358.06
2024-08-02 00:00:00,2024-08-02 05:00:00,BUY,5436.96,5390.35,-13.62,-1.003,SL,5,1344.43
2024-08-02 17:00:00,2024-08-05 04:00:00,BUY,5305.31,5256.43,-13.49,-1.003,SL,10,1330.95
2024-08-08 04:00:00,2024-08-08 16:00:00,BUY,5195.8,5263.98,16.6,1.247,TP,12,1347.55
2024-08-09 12:00:00,2024-08-09 15:00:00,BUY,5339.7,5300.22,-13.53,-1.004,SL,3,1334.02
2024-08-12 13:00:00,2024-08-12 16:00:00,BUY,5355.5,5327.07,-13.41,-1.005,SL,3,1320.61
2024-08-19 09:00:00,2024-08-19 17:00:00,BUY,5549.0,5572.34,16.4,1.242,TP,8,1337.01
2024-08-20 06:00:00,2024-08-20 20:00:00,BUY,5606.2,5588.65,-13.49,-1.009,SL,14,1323.53
2024-08-22 05:00:00,2024-08-22 16:00:00,BUY,5613.1,5635.92,16.44,1.242,TP,11,1339.96
2024-08-23 05:00:00,2024-08-23 17:00:00,BUY,5587.8,5616.38,16.66,1.243,TP,12,1356.62
2024-08-26 08:00:00,2024-08-26 18:00:00,BUY,5632.1,5609.43,-13.66,-1.007,SL,10,1342.97
2024-08-28 22:00:00,2024-08-28 23:00:00,BUY,5594.0,5566.27,-13.5,-1.005,SL,1,1329.46
2024-08-29 12:00:00,2024-08-29 18:00:00,BUY,5609.3,5639.9,16.54,1.244,TP,6,1346.0
2024-09-02 08:00:00,2024-09-03 12:00:00,BUY,5639.6,5617.19,-13.55,-1.007,SL,23,1332.45
2024-09-06 16:00:00,2024-09-06 17:00:00,BUY,5486.4,5450.89,-13.38,-1.004,SL,1,1319.07
2024-09-12 05:00:00,2024-09-12 20:00:00,BUY,5556.4,5600.01,16.43,1.246,TP,15,1335.5
2024-09-13 09:00:00,2024-09-13 17:00:00,BUY,5599.4,5627.53,16.61,1.243,TP,8,1352.11
2024-09-16 13:00:00,2024-09-16 17:00:00,BUY,5626.8,5610.59,-13.65,-1.009,SL,4,1338.46
2024-09-17 13:00:00,2024-09-17 17:00:00,BUY,5649.5,5668.36,16.6,1.24,TP,4,1355.06
2024-09-19 10:00:00,2024-09-19 20:00:00,BUY,5689.6,5729.45,16.87,1.245,TP,10,1371.93
2024-09-23 05:00:00,2024-09-23 10:00:00,BUY,5720.5,5697.99,-13.81,-1.007,SL,5,1358.12
2024-09-26 04:00:00,2024-09-26 09:00:00,BUY,5741.3,5761.61,16.85,1.241,TP,5,1374.97
2024-09-30 09:00:00,2024-09-30 21:00:00,BUY,5731.5,5713.4,-13.86,-1.008,SL,12,1361.11
2024-10-01 23:00:00,2024-10-03 01:00:00,BUY,5705.6,5716.5,4.26,0.313,TIME,24,1365.37
2024-10-07 08:00:00,2024-10-07 12:00:00,BUY,5742.1,5717.33,-13.74,-1.006,SL,4,1351.63
2024-10-08 04:00:00,2024-10-08 17:00:00,BUY,5697.9,5731.82,16.82,1.244,TP,13,1368.45
2024-10-09 06:00:00,2024-10-09 17:00:00,BUY,5741.6,5763.47,16.99,1.241,TP,11,1385.44
2024-10-14 09:00:00,2024-10-14 16:00:00,BUY,5814.1,5832.13,17.18,1.24,TP,7,1402.62
2024-10-17 15:00:00,2024-10-17 16:00:00,BUY,5874.2,5858.82,-14.16,-1.01,SL,1,1388.45
2024-10-22 02:00:00,2024-10-22 11:00:00,BUY,5855.0,5836.42,-14.0,-1.008,SL,9,1374.45
2024-10-23 01:00:00,2024-10-23 17:00:00,BUY,5844.0,5824.2,-13.85,-1.008,SL,16,1360.6
2024-10-24 17:00:00,2024-10-24 19:00:00,BUY,5806.7,5787.08,-13.71,-1.008,SL,2,1346.89
2024-11-04 01:00:00,2024-11-05 02:00:00,BUY,5721.5,5711.8,-4.5,-0.334,TIME,24,1342.39
2024-11-06 04:00:00,2024-11-06 09:00:00,BUY,5854.55,5895.82,16.72,1.245,TP,5,1359.11
2024-11-20 01:00:00,2024-11-20 16:00:00,BUY,5921.4,5889.21,-13.65,-1.005,SL,15,1345.45
2024-11-21 05:00:00,2024-11-21 15:00:00,BUY,5897.9,5940.21,16.76,1.246,TP,10,1362.21
2024-11-27 03:00:00,2024-11-27 13:00:00,BUY,6024.1,6005.8,-13.73,-1.008,SL,10,1348.48
2024-12-02 12:00:00,2024-12-02 16:00:00,BUY,6025.4,6038.5,16.67,1.236,TP,4,1365.14
2024-12-03 06:00:00,2024-12-03 16:00:00,BUY,6050.5,6039.09,-13.83,-1.013,SL,10,1351.31
2024-12-06 03:00:00,2024-12-06 15:00:00,BUY,6072.7,6088.65,16.73,1.238,TP,12,1368.04
2024-12-10 01:00:00,2024-12-10 22:00:00,BUY,6052.0,6035.59,-13.81,-1.009,SL,21,1354.24
2024-12-11 11:00:00,2024-12-11 15:00:00,BUY,6042.8,6055.1,16.72,1.235,TP,4,1370.96
2024-12-12 04:00:00,2024-12-12 17:00:00,BUY,6074.9,6062.56,-13.88,-1.012,SL,13,1357.08
2024-12-13 12:00:00,2024-12-13 17:00:00,BUY,6074.8,6062.25,-13.73,-1.012,SL,5,1343.35
2024-12-16 06:00:00,2024-12-16 16:00:00,BUY,6053.1,6070.77,16.65,1.239,TP,10,1360.0
2024-12-17 05:00:00,2024-12-17 09:00:00,BUY,6072.0,6058.74,-13.76,-1.011,SL,4,1346.24
2024-12-18 09:00:00,2024-12-18 16:00:00,BUY,6056.7,6042.66,-13.61,-1.011,SL,7,1332.63
2024-12-19 05:00:00,2024-12-19 16:00:00,BUY,5874.3,5924.2,16.61,1.246,TP,11,1349.24
2024-12-26 05:00:00,2024-12-26 10:00:00,BUY,6043.25,6023.73,-13.6,-1.008,SL,5,1335.65
2024-12-27 02:00:00,2024-12-27 16:00:00,BUY,6026.45,6005.04,-13.45,-1.007,SL,14,1322.19
2024-12-30 05:00:00,2024-12-30 14:00:00,BUY,5963.75,5938.11,-13.3,-1.006,SL,9,1308.89
2024-12-31 03:00:00,2024-12-31 19:00:00,BUY,5906.65,5872.94,-13.15,-1.004,SL,16,1295.75
2025-01-02 08:00:00,2025-01-02 16:00:00,BUY,5915.35,5884.67,-13.02,-1.005,SL,8,1282.73
2025-01-03 05:00:00,2025-01-03 18:00:00,BUY,5881.7,5930.47,15.98,1.246,TP,13,1298.71
2025-01-07 22:00:00,2025-01-08 19:00:00,BUY,5909.6,5873.94,-13.04,-1.004,SL,20,1285.67
2025-01-09 08:00:00,2025-01-10 15:00:00,BUY,5905.6,5876.91,-12.92,-1.005,SL,23,1272.75
2025-01-13 04:00:00,2025-01-14 01:00:00,BUY,5804.2,5853.69,15.86,1.246,TP,20,1288.61
2025-01-16 03:00:00,2025-01-17 04:00:00,BUY,5952.6,5942.5,-4.32,-0.335,TIME,24,1284.28
2025-01-22 03:00:00,2025-01-22 18:00:00,BUY,6064.9,6095.65,15.98,1.244,TP,15,1300.26
2025-01-30 01:00:00,2025-01-30 22:00:00,BUY,6039.2,6083.89,16.2,1.246,TP,21,1316.46
2025-02-04 09:00:00,2025-02-05 10:00:00,BUY,5990.7,6003.3,3.96,0.301,TIME,24,1320.42
2025-02-07 23:00:00,2025-02-10 17:00:00,BUY,6027.7,6066.24,16.44,1.245,TP,17,1336.86
2025-02-11 23:00:00,2025-02-12 15:00:00,BUY,6068.3,6045.98,-13.46,-1.007,SL,15,1323.4
2025-02-13 04:00:00,2025-02-13 10:00:00,BUY,6063.9,6036.61,-13.31,-1.006,SL,6,1310.09
2025-02-17 04:00:00,2025-02-18 09:00:00,BUY,6123.0,6136.6,10.99,0.839,TIME,24,1321.08
2025-02-19 23:00:00,2025-02-20 16:00:00,BUY,6136.7,6117.17,-13.31,-1.008,SL,16,1307.77
2025-02-21 05:00:00,2025-02-21 16:00:00,BUY,6116.6,6098.3,-13.19,-1.008,SL,11,1294.58
2025-02-24 05:00:00,2025-02-24 16:00:00,BUY,6043.2,6018.45,-13.02,-1.006,SL,11,1281.56
2025-02-25 16:00:00,2025-02-25 17:00:00,BUY,5966.1,5934.2,-12.88,-1.005,SL,1,1268.68
2025-02-26 12:00:00,2025-02-26 20:00:00,BUY,5986.0,5961.15,-12.76,-1.006,SL,8,1255.92
2025-02-27 09:00:00,2025-02-27 16:00:00,BUY,5980.8,5947.41,-12.62,-1.005,SL,7,1243.3
2025-02-28 05:00:00,2025-02-28 22:00:00,BUY,5853.0,5910.01,15.5,1.247,TP,17,1258.8
2025-03-03 11:00:00,2025-03-03 17:00:00,BUY,5971.9,5930.06,-12.63,-1.004,SL,6,1246.17
2025-03-04 09:00:00,2025-03-04 15:00:00,BUY,5852.2,5807.87,-12.5,-1.003,SL,6,1233.66
2025-03-06 11:00:00,2025-03-06 19:00:00,BUY,5784.1,5741.41,-12.38,-1.004,SL,8,1221.28
2025-03-07 08:00:00,2025-03-07 17:00:00,BUY,5743.9,5701.55,-12.26,-1.004,SL,9,1209.03
2025-03-10 06:00:00,2025-03-10 15:00:00,BUY,5744.0,5688.02,-12.12,-1.003,SL,9,1196.9
2025-03-11 20:00:00,2025-03-11 21:00:00,BUY,5551.1,5631.14,14.93,1.248,TP,1,1211.84
2025-03-12 10:00:00,2025-03-12 15:00:00,BUY,5591.0,5651.12,15.11,1.247,TP,5,1226.95
2025-03-14 03:00:00,2025-03-14 18:00:00,BUY,5556.4,5623.3,15.3,1.247,TP,15,1242.25
2025-03-19 02:00:00,2025-03-19 18:00:00,BUY,5618.9,5659.92,15.47,1.245,TP,16,1257.72
2025-03-21 13:00:00,2025-03-21 15:00:00,BUY,5645.3,5613.45,-12.64,-1.005,SL,2,1245.08
2025-03-24 08:00:00,2025-03-24 16:00:00,BUY,5705.05,5743.46,15.5,1.245,TP,8,1260.59
2025-03-25 07:00:00,2025-03-25 15:00:00,BUY,5754.28,5779.11,15.66,1.242,TP,8,1276.25
2025-03-26 07:00:00,2025-03-26 16:00:00,BUY,5775.3,5757.13,-12.87,-1.008,SL,9,1263.38
2025-03-27 13:00:00,2025-03-27 16:00:00,BUY,5704.05,5678.42,-12.71,-1.006,SL,3,1250.67
2025-03-28 13:00:00,2025-03-28 16:00:00,BUY,5686.65,5658.33,-12.57,-1.005,SL,3,1238.1
2025-03-31 08:00:00,2025-03-31 14:00:00,BUY,5538.8,5505.55,-12.44,-1.005,SL,6,1225.66
2025-04-03 05:00:00,2025-04-03 17:00:00,BUY,5519.55,5439.0,-12.28,-1.002,SL,12,1213.38
2025-04-04 06:00:00,2025-04-04 13:00:00,BUY,5360.55,5302.53,-12.17,-1.003,SL,7,1201.22
2025-04-07 02:00:00,2025-04-07 17:00:00,BUY,4877.1,5057.93,15.0,1.249,TP,15,1216.22
2025-04-09 02:00:00,2025-04-09 20:00:00,BUY,4920.2,5076.11,15.19,1.249,TP,18,1231.41
2025-04-16 21:00:00,2025-04-17 08:00:00,BUY,5242.35,5319.79,15.36,1.248,TP,10,1246.77
2025-04-21 05:00:00,2025-04-21 17:00:00,BUY,5235.9,5184.55,-12.5,-1.003,SL,12,1234.27
2025-04-28 03:00:00,2025-04-28 16:00:00,BUY,5495.8,5551.35,15.39,1.247,TP,13,1249.65
2025-04-30 02:00:00,2025-04-30 15:00:00,BUY,5546.7,5508.67,-12.55,-1.004,SL,13,1237.11
2025-05-02 07:00:00,2025-05-02 21:00:00,BUY,5643.85,5699.38,15.42,1.247,TP,14,1252.53
2025-05-05 10:00:00,2025-05-06 11:00:00,BUY,5647.05,5615.11,-12.58,-1.005,SL,24,1239.95
2025-05-07 16:00:00,2025-05-07 21:00:00,BUY,5630.4,5596.35,-12.45,-1.004,SL,5,1227.49
2025-05-08 12:00:00,2025-05-08 16:00:00,BUY,5692.85,5656.97,-12.33,-1.004,SL,4,1215.17
2025-05-09 05:00:00,2025-05-12 01:00:00,BUY,5663.55,5741.78,23.66,1.947,TP,19,1238.83
2025-05-13 10:00:00,2025-05-13 15:00:00,BUY,5820.75,5857.48,15.42,1.245,TP,5,1254.25
2025-05-14 13:00:00,2025-05-15 10:00:00,BUY,5884.15,5861.57,-12.63,-1.007,SL,20,1241.62
2025-05-16 08:00:00,2025-05-16 15:00:00,BUY,5909.45,5935.65,15.43,1.243,TP,7,1257.05
2025-05-19 07:00:00,2025-05-19 17:00:00,BUY,5892.95,5925.71,15.64,1.244,TP,10,1272.7
2025-05-20 12:00:00,2025-05-20 21:00:00,BUY,5940.8,5916.41,-12.81,-1.006,SL,9,1259.89
2025-05-21 17:00:00,2025-05-21 20:00:00,BUY,5918.38,5888.87,-12.66,-1.005,SL,3,1247.23
2025-05-22 14:00:00,2025-05-22 17:00:00,BUY,5820.85,5857.68,15.53,1.245,TP,3,1262.75
2025-05-23 14:00:00,2025-05-23 20:00:00,BUY,5758.22,5809.59,15.74,1.246,TP,6,1278.49
2025-05-27 03:00:00,2025-05-27 18:00:00,BUY,5868.4,5901.12,15.91,1.244,TP,15,1294.4
2025-05-28 09:00:00,2025-05-28 16:00:00,BUY,5911.8,5935.32,16.08,1.242,TP,7,1310.48
2025-05-30 08:00:00,2025-05-30 15:00:00,BUY,5906.0,5873.79,-13.17,-1.005,SL,7,1297.31
2025-06-02 04:00:00,2025-06-02 22:00:00,BUY,5887.35,5934.06,16.16,1.246,TP,18,1313.48
2025-06-03 14:00:00,2025-06-03 18:00:00,BUY,5929.0,5958.88,16.34,1.244,TP,4,1329.81
2025-06-05 03:00:00,2025-06-05 15:00:00,BUY,5966.25,5991.54,16.52,1.243,TP,12,1346.34
2025-06-06 04:00:00,2025-06-06 16:00:00,BUY,5947.45,5992.15,16.77,1.246,TP,12,1363.11
2025-06-10 09:00:00,2025-06-10 20:00:00,BUY,6001.0,6030.17,16.95,1.244,TP,11,1380.06
2025-06-11 23:00:00,2025-06-12 11:00:00,BUY,6021.0,5988.39,-13.86,-1.005,SL,11,1366.2
2025-06-13 04:00:00,2025-06-13 18:00:00,BUY,5961.12,6016.28,17.03,1.247,TP,14,1383.23
2025-06-16 07:00:00,2025-06-16 16:00:00,BUY,5983.5,6026.56,17.23,1.246,TP,9,1400.46
2025-06-17 05:00:00,2025-06-17 20:00:00,BUY,6019.3,5986.57,-14.07,-1.005,SL,15,1386.39
2025-06-18 16:00:00,2025-06-19 03:00:00,BUY,5997.0,5969.81,-13.94,-1.006,SL,10,1372.45
2025-06-19 16:00:00,2025-06-20 01:00:00,BUY,5923.6,5961.67,17.09,1.245,TP,4,1389.54
2025-06-23 06:00:00,2025-06-23 17:00:00,BUY,5951.4,5993.95,17.31,1.246,TP,11,1406.85
2025-06-25 11:00:00,2025-06-26 11:00:00,BUY,6095.9,6117.9,17.47,1.242,TP,23,1424.31
2025-07-01 10:00:00,2025-07-02 07:00:00,BUY,6194.0,6216.27,17.68,1.242,TP,20,1442.0
2025-07-03 03:00:00,2025-07-03 16:00:00,BUY,6228.1,6248.85,17.9,1.241,TP,13,1459.89
2025-07-04 13:00:00,2025-07-07 01:00:00,BUY,6234.2,6256.35,18.78,1.287,TP,7,1478.68
2025-07-07 15:00:00,2025-07-07 18:00:00,BUY,6256.0,6238.62,-14.92,-1.009,SL,3,1463.76
2025-07-09 01:00:00,2025-07-09 16:00:00,BUY,6228.8,6254.37,18.19,1.243,TP,15,1481.95
2025-07-10 05:00:00,2025-07-10 18:00:00,BUY,6253.0,6277.89,18.41,1.243,TP,13,1500.37
2025-07-11 07:00:00,2025-07-11 11:00:00,BUY,6266.5,6245.05,-15.11,-1.007,SL,4,1485.26
2025-07-11 23:00:00,2025-07-14 01:00:00,BUY,6253.2,6229.55,-14.95,-1.006,SL,1,1470.31
2025-07-14 13:00:00,2025-07-14 18:00:00,BUY,6238.4,6262.91,18.27,1.242,TP,5,1488.58
2025-07-15 10:00:00,2025-07-15 17:00:00,BUY,6288.0,6267.38,-14.99,-1.007,SL,7,1473.58
2025-07-16 07:00:00,2025-07-16 16:00:00,BUY,6234.1,6260.92,18.32,1.243,TP,9,1491.9
2025-07-22 06:00:00,2025-07-22 16:00:00,BUY,6308.5,6294.67,-15.08,-1.011,SL,10,1476.82
2025-07-23 11:00:00,2025-07-23 17:00:00,BUY,6335.3,6317.82,-14.9,-1.009,SL,6,1461.92
2025-07-25 10:00:00,2025-07-25 19:00:00,BUY,6369.3,6387.93,18.13,1.24,TP,9,1480.05
2025-07-30 21:00:00,2025-07-30 23:00:00,BUY,6348.2,6375.32,18.4,1.243,TP,2,1498.45
2025-07-31 23:00:00,2025-08-01 10:00:00,BUY,6337.1,6296.34,-15.04,-1.004,SL,10,1483.41
2025-08-04 01:00:00,2025-08-04 16:00:00,BUY,6241.4,6298.14,18.49,1.247,TP,15,1501.9
2025-08-06 02:00:00,2025-08-06 09:00:00,BUY,6291.6,6326.81,18.69,1.245,TP,7,1520.6
2025-08-07 01:00:00,2025-08-07 12:00:00,BUY,6358.0,6390.13,18.92,1.244,TP,11,1539.51
2025-08-13 10:00:00,2025-08-13 16:00:00,BUY,6453.7,6475.46,19.11,1.241,TP,6,1558.63
2025-08-14 08:00:00,2025-08-14 15:00:00,BUY,6458.8,6442.86,-15.73,-1.009,SL,7,1542.89
2025-08-18 18:00:00,2025-08-19 18:00:00,BUY,6443.4,6425.11,-15.56,-1.008,SL,23,1527.34
2025-08-20 07:00:00,2025-08-20 16:00:00,BUY,6394.1,6375.5,-15.4,-1.008,SL,9,1511.94
2025-08-21 05:00:00,2025-08-21 15:00:00,BUY,6398.7,6371.41,-15.2,-1.006,SL,10,1496.74
2025-08-27 13:00:00,2025-08-27 16:00:00,BUY,6470.0,6457.1,-15.14,-1.012,SL,3,1481.59
2025-08-28 05:00:00,2025-08-28 20:00:00,BUY,6473.8,6497.76,18.4,1.242,TP,15,1500.0
2025-08-29 09:00:00,2025-08-29 11:00:00,BUY,6496.8,6482.79,-15.16,-1.011,SL,2,1484.83
2025-09-03 13:00:00,2025-09-03 20:00:00,BUY,6446.6,6422.6,-14.94,-1.006,SL,7,1469.89
2025-09-04 11:00:00,2025-09-04 20:00:00,BUY,6457.1,6484.07,18.27,1.243,TP,9,1488.16
2025-09-11 06:00:00,2025-09-11 16:00:00,BUY,6540.7,6561.79,18.47,1.241,TP,10,1506.63
2025-09-17 13:00:00,2025-09-17 19:00:00,BUY,6602.1,6589.04,-15.24,-1.012,SL,6,1491.39
2025-09-18 08:00:00,2025-09-18 11:00:00,BUY,6626.7,6653.25,18.54,1.243,TP,3,1509.93
2025-09-19 08:00:00,2025-09-19 22:00:00,BUY,6634.6,6662.14,18.77,1.243,TP,14,1528.7
2025-09-23 13:00:00,2025-09-23 19:00:00,BUY,6692.6,6679.42,-15.46,-1.012,SL,6,1513.24
2025-09-24 19:00:00,2025-09-25 14:00:00,BUY,6631.0,6611.27,-15.25,-1.008,SL,18,1497.99
2025-09-26 03:00:00,2025-09-26 16:00:00,BUY,6608.5,6642.77,18.64,1.245,TP,13,1516.64
2025-10-01 22:00:00,2025-10-02 23:00:00,BUY,6709.9,6715.6,3.33,0.219,TIME,24,1519.96
2025-10-08 01:00:00,2025-10-08 18:00:00,BUY,6723.0,6748.11,18.89,1.243,TP,17,1538.85
2025-10-09 07:00:00,2025-10-09 16:00:00,BUY,6755.7,6739.87,-15.54,-1.01,SL,9,1523.31
2025-10-10 19:00:00,2025-10-10 22:00:00,BUY,6611.4,6569.75,-15.29,-1.004,SL,3,1508.03
2025-10-16 07:00:00,2025-10-16 19:00:00,BUY,6672.4,6638.07,-15.15,-1.004,SL,12,1492.88
2025-10-17 08:00:00,2025-10-17 10:00:00,BUY,6591.2,6551.82,-14.99,-1.004,SL,2,1477.89
2025-10-22 09:00:00,2025-10-22 14:00:00,BUY,6749.0,6729.55,-14.89,-1.008,SL,5,1463.0
2025-10-23 03:00:00,2025-10-23 20:00:00,BUY,6701.1,6746.79,18.23,1.246,TP,17,1481.23
2025-10-29 21:00:00,2025-10-30 05:00:00,BUY,6883.3,6916.56,18.43,1.244,TP,7,1499.66
2025-10-30 17:00:00,2025-10-30 22:00:00,BUY,6867.9,6825.86,-15.05,-1.004,SL,5,1484.61
2025-10-31 19:00:00,2025-10-31 22:00:00,BUY,6824.7,6867.85,18.49,1.246,TP,3,1503.1
2025-11-03 11:00:00,2025-11-03 17:00:00,BUY,6865.5,6837.88,-15.11,-1.005,SL,6,1487.99
2025-11-05 15:00:00,2025-11-05 19:00:00,BUY,6778.1,6821.63,18.54,1.246,TP,4,1506.53
2025-11-07 02:00:00,2025-11-07 13:00:00,BUY,6740.9,6699.36,-15.12,-1.004,SL,11,1491.41
2025-11-12 22:00:00,2025-11-13 16:00:00,BUY,6852.0,6824.22,-15.0,-1.005,SL,17,1476.41
2025-11-14 21:00:00,2025-11-17 16:00:00,BUY,6763.6,6710.47,-14.81,-1.003,SL,18,1461.61
2025-11-18 05:00:00,2025-11-18 16:00:00,BUY,6655.0,6607.68,-14.66,-1.003,SL,11,1446.94
2025-11-20 20:00:00,2025-11-21 21:00:00,BUY,6564.5,6655.37,18.06,1.248,TP,24,1465.0
2025-12-01 05:00:00,2025-12-01 16:00:00,BUY,6803.2,6827.41,18.2,1.242,TP,11,1483.2
2025-12-03 03:00:00,2025-12-03 16:00:00,BUY,6839.3,6812.21,-14.91,-1.006,SL,13,1468.29
2025-12-04 05:00:00,2025-12-04 21:00:00,BUY,6850.5,6828.86,-14.79,-1.007,SL,16,1453.5
2025-12-09 21:00:00,2025-12-10 16:00:00,BUY,6847.6,6826.11,-14.64,-1.007,SL,18,1438.86
2025-12-11 05:00:00,2025-12-11 14:00:00,BUY,6829.2,6868.85,17.92,1.245,TP,9,1456.78
2025-12-12 03:00:00,2025-12-12 17:00:00,BUY,6902.6,6868.66,-14.63,-1.004,SL,14,1442.15
2025-12-15 08:00:00,2025-12-15 17:00:00,BUY,6846.2,6818.46,-14.5,-1.005,SL,9,1427.65
2025-12-17 15:00:00,2025-12-17 16:00:00,BUY,6816.6,6788.25,-14.35,-1.005,SL,1,1413.3
2025-12-18 07:00:00,2025-12-18 15:00:00,BUY,6732.0,6772.27,17.6,1.245,TP,8,1430.9
2025-12-19 04:00:00,2025-12-19 16:00:00,BUY,6772.4,6816.6,17.83,1.246,TP,12,1448.72
2025-12-24 08:00:00,2025-12-24 17:00:00,BUY,6903.5,6917.91,17.92,1.237,TP,9,1466.64
2025-12-29 08:00:00,2025-12-29 10:00:00,BUY,6923.75,6911.18,-14.84,-1.012,SL,2,1451.8
2025-12-30 22:00:00,2025-12-31 08:00:00,BUY,6898.35,6880.71,-14.64,-1.009,SL,9,1437.16
2026-01-02 06:00:00,2026-01-02 17:00:00,BUY,6876.95,6857.22,-14.48,-1.008,SL,11,1422.68
2026-01-07 11:00:00,2026-01-07 16:00:00,BUY,6937.4,6954.47,17.63,1.239,TP,5,1440.31
2026-01-08 05:00:00,2026-01-08 08:00:00,BUY,6914.6,6895.79,-14.52,-1.008,SL,3,1425.79
2026-01-09 09:00:00,2026-01-09 15:00:00,BUY,6921.4,6944.62,17.71,1.242,TP,6,1443.49
2026-01-12 04:00:00,2026-01-12 16:00:00,BUY,6931.3,6962.82,17.96,1.244,TP,12,1461.45
2026-01-13 22:00:00,2026-01-14 12:00:00,BUY,6962.6,6934.58,-14.69,-1.005,SL,13,1446.76
2026-01-15 13:00:00,2026-01-16 14:00:00,BUY,6952.9,6955.5,1.55,0.107,TIME,24,1448.31
2026-01-19 03:00:00,2026-01-20 08:00:00,BUY,6879.1,6847.89,-14.55,-1.005,SL,24,1433.76
2026-01-23 11:00:00,2026-01-23 18:00:00,BUY,6897.7,6930.51,17.84,1.244,TP,7,1451.6
2026-01-26 07:00:00,2026-01-26 16:00:00,BUY,6903.2,6939.95,18.07,1.245,TP,9,1469.67
2026-01-29 01:00:00,2026-01-29 16:00:00,BUY,6968.5,6939.25,-14.77,-1.005,SL,15,1454.9
2026-01-30 15:00:00,2026-02-02 04:00:00,BUY,6929.9,6887.17,-14.6,-1.004,SL,12,1440.3
2026-02-04 18:00:00,2026-02-04 19:00:00,BUY,6886.9,6845.14,-14.45,-1.004,SL,1,1425.84
2026-02-05 17:00:00,2026-02-06 02:00:00,BUY,6793.9,6737.54,-14.3,-1.003,SL,8,1411.55
2026-02-06 15:00:00,2026-02-06 18:00:00,BUY,6835.5,6899.62,17.6,1.247,TP,3,1429.15
2026-02-11 02:00:00,2026-02-11 17:00:00,BUY,6959.1,6931.11,-14.37,-1.005,SL,15,1414.78
2026-02-12 06:00:00,2026-02-12 17:00:00,BUY,6961.1,6931.63,-14.22,-1.005,SL,11,1400.56
2026-02-13 16:00:00,2026-02-13 19:00:00,BUY,6817.3,6874.15,17.46,1.247,TP,3,1418.02
2026-02-16 08:00:00,2026-02-17 03:00:00,BUY,6848.6,6813.72,-14.24,-1.004,SL,14,1403.78
2026-02-18 05:00:00,2026-02-18 17:00:00,BUY,6850.6,6900.58,17.49,1.246,TP,12,1421.27
2026-02-20 02:00:00,2026-02-20 16:00:00,BUY,6871.7,6835.59,-14.27,-1.004,SL,14,1407.0
2026-02-23 05:00:00,2026-02-23 16:00:00,BUY,6860.4,6908.38,17.53,1.246,TP,11,1424.54
2026-02-24 07:00:00,2026-02-24 16:00:00,BUY,6853.1,6823.68,-14.32,-1.005,SL,9,1410.22
2026-02-26 17:00:00,2026-02-27 15:00:00,BUY,6893.0,6861.33,-14.17,-1.005,SL,21,1396.05
2026-03-02 04:00:00,2026-03-02 08:00:00,BUY,6830.7,6785.72,-14.01,-1.003,SL,4,1382.04
2026-03-04 05:00:00,2026-03-04 17:00:00,BUY,6785.4,6856.55,17.24,1.247,TP,12,1399.28
2026-03-06 03:00:00,2026-03-06 14:00:00,BUY,6832.9,6781.23,-14.03,-1.003,SL,11,1385.25
2026-03-09 03:00:00,2026-03-09 18:00:00,BUY,6614.6,6699.81,17.29,1.248,TP,15,1402.53
2026-03-13 08:00:00,2026-03-13 10:00:00,BUY,6689.1,6648.78,-14.08,-1.004,SL,2,1388.45
2026-03-13 22:00:00,2026-03-16 15:00:00,BUY,6632.8,6697.44,17.32,1.247,TP,16,1405.77
2026-03-19 09:00:00,2026-03-19 15:00:00,BUY,6618.6,6582.43,-14.12,-1.004,SL,6,1391.65
2026-03-20 04:00:00,2026-03-20 12:00:00,BUY,6623.5,6578.79,-13.96,-1.003,SL,8,1377.69
2026-03-23 01:00:00,2026-03-23 10:00:00,BUY,6495.7,6437.79,-13.81,-1.003,SL,9,1363.88
2026-03-24 06:00:00,2026-03-25 07:00:00,BUY,6552.8,6607.2,10.57,0.775,TIME,24,1374.44
2026-03-26 18:00:00,2026-03-26 20:00:00,BUY,6540.0,6493.64,-13.79,-1.003,SL,2,1360.65
2026-03-27 15:00:00,2026-03-27 20:00:00,BUY,6444.4,6402.27,-13.66,-1.004,SL,5,1347.0
2026-04-02 04:00:00,2026-04-02 14:00:00,BUY,6520.3,6468.98,-13.51,-1.003,SL,10,1333.49
2026-04-03 03:00:00,2026-04-06 01:00:00,BUY,6583.9,6538.85,-13.76,-1.032,SL,14,1319.73
2026-04-07 04:00:00,2026-04-07 12:00:00,BUY,6575.0,6619.79,16.44,1.246,TP,8,1336.17
2026-04-09 05:00:00,2026-04-09 19:00:00,BUY,6769.7,6818.44,16.65,1.246,TP,14,1352.82
2026-04-13 02:00:00,2026-04-13 16:00:00,BUY,6746.5,6793.37,16.86,1.246,TP,14,1369.68
2026-04-20 04:00:00,2026-04-21 05:00:00,BUY,7087.7,7120.8,12.84,0.937,TIME,24,1382.52
2026-04-23 01:00:00,2026-04-23 03:00:00,BUY,7126.8,7098.32,-13.9,-1.005,SL,2,1368.62
2026-04-23 15:00:00,2026-04-23 20:00:00,BUY,7117.9,7085.28,-13.75,-1.005,SL,5,1354.87
2026-04-24 09:00:00,2026-04-24 14:00:00,BUY,7115.4,7156.84,16.87,1.245,TP,5,1371.74
2026-04-27 09:00:00,2026-04-28 03:00:00,BUY,7157.8,7191.38,17.07,1.244,TP,17,1388.81
2026-04-29 01:00:00,2026-04-29 16:00:00,BUY,7146.4,7119.77,-13.97,-1.006,SL,15,1374.85
2026-04-30 05:00:00,2026-04-30 09:00:00,BUY,7147.8,7108.59,-13.8,-1.004,SL,4,1361.05
2026-05-04 10:00:00,2026-05-04 13:00:00,BUY,7239.0,7212.12,-13.69,-1.006,SL,3,1347.36
2026-05-07 21:00:00,2026-05-08 12:00:00,BUY,7334.5,7373.23,16.78,1.245,TP,14,1364.14
2026-05-11 08:00:00,2026-05-11 17:00:00,BUY,7387.5,7416.04,16.96,1.243,TP,9,1381.1
2026-05-12 06:00:00,2026-05-12 15:00:00,BUY,7401.2,7375.81,-13.89,-1.006,SL,9,1367.21
2026-05-15 06:00:00,2026-05-15 08:00:00,BUY,7482.6,7452.91,-13.74,-1.005,SL,2,1353.46
2026-05-18 01:00:00,2026-05-18 03:00:00,BUY,7408.8,7363.1,-13.58,-1.003,SL,2,1339.89
2026-05-18 15:00:00,2026-05-18 18:00:00,BUY,7429.3,7382.22,-13.44,-1.003,SL,3,1326.44
2026-05-26 05:00:00,2026-05-27 06:00:00,BUY,7521.8,7522.7,0.53,0.04,TIME,24,1326.98
2026-05-28 06:00:00,2026-05-28 17:00:00,BUY,7497.0,7535.19,16.52,1.245,TP,11,1343.5
2026-05-29 06:00:00,2026-05-29 16:00:00,BUY,7565.2,7593.76,16.71,1.243,TP,10,1360.2
2026-06-02 05:00:00,2026-06-02 17:00:00,BUY,7570.7,7602.41,16.92,1.244,TP,12,1377.13
2026-06-05 04:00:00,2026-06-05 16:00:00,BUY,7549.0,7520.19,-13.84,-1.005,SL,12,1363.28
2026-06-08 16:00:00,2026-06-09 17:00:00,BUY,7419.8,7368.57,-13.67,-1.003,SL,24,1349.61
2026-06-10 06:00:00,2026-06-10 14:00:00,BUY,7364.9,7304.08,-13.53,-1.002,SL,8,1336.08
2026-06-11 16:00:00,2026-06-11 20:00:00,BUY,7310.3,7377.83,16.66,1.247,TP,4,1352.75
2026-06-18 17:00:00,2026-06-19 07:00:00,BUY,7496.2,7453.28,-13.57,-1.004,SL,13,1339.17
2026-06-22 02:00:00,2026-06-22 09:00:00,BUY,7447.9,7488.9,16.68,1.245,TP,7,1355.85
2026-06-23 01:00:00,2026-06-23 07:00:00,BUY,7465.2,7428.48,-13.61,-1.004,SL,6,1342.24
2026-06-23 19:00:00,2026-06-24 02:00:00,BUY,7404.0,7356.05,-13.46,-1.003,SL,6,1328.77
2026-07-02 20:00:00,2026-07-03 02:00:00,BUY,7427.4,7483.01,16.56,1.247,TP,5,1345.34
2026-07-06 06:00:00,2026-07-06 16:00:00,BUY,7491.1,7522.38,16.74,1.244,TP,10,1362.07
2026-07-07 23:00:00,2026-07-08 11:00:00,BUY,7501.2,7472.51,-13.69,-1.005,SL,11,1348.38
2026-07-13 05:00:00,2026-07-13 22:00:00,BUY,7540.8,7511.0,-13.55,-1.005,SL,17,1334.83
2026-07-16 23:00:00,2026-07-17 05:00:00,BUY,7526.5,7491.74,-13.41,-1.004,SL,5,1321.42
2026-07-20 13:00:00,2026-07-20 21:00:00,BUY,7483.3,7450.02,-13.27,-1.005,SL,8,1308.15
2026-07-21 10:00:00,2026-07-22 11:00:00,BUY,7480.7,7487.4,2.79,0.213,TIME,24,1310.94
2026-07-24 23:00:00,2026-07-27 01:00:00,BUY,7409.8,7474.95,21.52,1.641,TP,1,1332.45
2026-08-05 22:00:00,2026-08-06 23:00:00,BUY,7721.2,7704.1,-6.87,-0.516,TIME,24,1325.58
2026-08-07 15:00:00,2026-08-07 17:00:00,BUY,7750.2,7726.41,-13.34,-1.006,SL,2,1312.24
2026-08-11 21:00:00,2026-08-12 15:00:00,BUY,7723.5,7753.1,16.32,1.244,TP,17,1328.56
2026-08-14 19:00:00,2026-08-17 10:00:00,BUY,7778.5,7800.44,16.49,1.242,TP,14,1345.06
2026-08-18 14:00:00,2026-08-18 18:00:00,BUY,7715.5,7696.63,-13.56,-1.008,SL,4,1331.5
2026-08-19 07:00:00,2026-08-19 15:00:00,BUY,7684.1,7707.85,16.54,1.242,TP,8,1348.04
2026-08-21 17:00:00,2026-08-24 14:00:00,BUY,7675.4,7650.68,-13.56,-1.006,SL,20,1334.48
2026-08-25 03:00:00,2026-08-25 12:00:00,BUY,7658.6,7690.41,16.6,1.244,TP,9,1351.08
